OrderID,OrderDate,Region,Category,Product,Quantity,Price,Discount_Percent,PaymentMode,CustomerSegment,Rating,TotalAmount
100502,2023-01-01,West,Electronics,Tablet,1,20839.98,5,Credit Card,Returning,5,19797.98
101465,2023-01-02,North,Books,Comics,3,392.68,5,Cash on Delivery,New,5,1119.14
100781,2023-01-03,Central,Sports,Dumbbells,3,2235.31,10,UPI,Returning,4,6035.34
101887,2023-01-03,East,Sports,Yoga Mat,2,1496.73,0,Debit Card,Returning,4,2993.46
100885,2023-01-04,North,Sports,Football,3,1395.1,5,UPI,New,5,3976.03
100105,2023-01-04,South,Clothing,Shoes,5,1503.57,10,Debit Card,Returning,5,6766.06
101167,2023-01-05,North,Books,Self-Help Book,5,454.52,0,Debit Card,Returning,4,2272.6
101720,2023-01-06,North,Clothing,Jeans,2,1599.51,10,Net Banking,New,5,2879.12
100363,2023-01-07,South,Electronics,Tablet,1,10717.49,10,Credit Card,Returning,4,9645.74
100101,2023-01-07,South,Electronics,Tablet,3,11973.32,15,Net Banking,Returning,5,30531.97
101343,2023-01-07,West,Sports,Running Shoes,3,1484.05,20,Net Banking,Returning,2,3561.72
100949,2023-01-08,North,Sports,Running Shoes,3,1740.69,10,Cash on Delivery,Returning,4,4699.86
100314,2023-01-08,West,Beauty,Face Cream,3,739.97,0,Debit Card,Loyal,4,2219.91
100099,2023-01-08,North,Electronics,Headphones,3,16566.09,5,Credit Card,Loyal,3,47213.36
100706,2023-01-08,East,Home & Kitchen,Mixer Grinder,5,3503.33,0,Cash on Delivery,Loyal,5,17516.65
100022,2023-01-09,North,Home & Kitchen,Vacuum Cleaner,3,4847.71,5,Credit Card,Returning,2,13815.97
101677,2023-01-10,East,Books,Fiction Novel,5,583.21,0,Cash on Delivery,Returning,5,2916.05
101077,2023-01-10,East,Clothing,Shoes,3,978.73,0,Debit Card,Returning,2,2936.19
100505,2023-01-10,North,Sports,Football,4,1281.04,0,Cash on Delivery,Returning,5,5124.16
101228,2023-01-11,South,Home & Kitchen,Vacuum Cleaner,2,3073.06,20,Cash on Delivery,New,4,4916.9
100452,2023-01-12,East,Clothing,Jacket,1,1746.17,10,Debit Card,Returning,4,1571.55
100709,2023-01-12,South,Electronics,Smartphone,1,22247.03,0,Cash on Delivery,Returning,3,22247.03
101690,2023-01-12,South,Clothing,Shoes,1,1656.77,20,Debit Card,Returning,4,1325.42
101068,2023-01-12,North,Books,Self-Help Book,1,372.23,0,UPI,Returning,2,372.23
101329,2023-01-13,West,Home & Kitchen,Mixer Grinder,5,4768.22,10,Net Banking,Returning,5,21456.99
101473,2023-01-13,South,Beauty,Lipstick,5,605.92,15,Net Banking,Returning,5,2575.16
100282,2023-01-13,Central,Clothing,Shoes,3,1677.17,5,Net Banking,Returning,5,4779.93
100984,2023-01-13,Central,Sports,Yoga Mat,2,2317.07,0,Credit Card,New,3,4634.14
100214,2023-01-13,North,Sports,Dumbbells,2,2355.83,0,Credit Card,New,5,4711.66
100548,2023-01-14,North,Books,Biography,2,440.64,5,UPI,New,4,837.22
101124,2023-01-14,North,Clothing,T-Shirt,5,1080.24,10,Cash on Delivery,New,5,4861.08
100087,2023-01-15,Central,Books,Comics,4,511.12,10,UPI,Returning,4,1840.03
101384,2023-01-15,South,Electronics,Smartphone,1,13878.65,15,Net Banking,Loyal,5,11796.85
101269,2023-01-16,South,Home & Kitchen,Mixer Grinder,2,4497.4,10,Net Banking,Returning,5,8095.32
100635,2023-01-16,East,Electronics,Headphones,1,14709.33,15,Debit Card,Returning,4,12502.93
101778,2023-01-16,Central,Books,Cookbook,2,370.15,0,Debit Card,New,5,740.3
100251,2023-01-16,Central,Beauty,Face Cream,4,699.75,20,Debit Card,Returning,5,2239.2
100135,2023-01-17,West,Beauty,Face Cream,2,647.32,0,UPI,Loyal,5,1294.64
100133,2023-01-17,South,Sports,Running Shoes,3,1444.97,0,Debit Card,Returning,5,4334.91
100204,2023-01-17,Central,Sports,Running Shoes,2,1925.2,20,Cash on Delivery,Loyal,5,3080.32
101735,2023-01-17,West,Books,Biography,5,448.71,0,Net Banking,New,5,2243.55
101546,2023-01-18,West,Electronics,Smartwatch,5,21815.64,0,Debit Card,Returning,2,109078.2
101304,2023-01-18,South,Home & Kitchen,Mixer Grinder,5,4848.04,10,Cash on Delivery,Returning,4,21816.18
101272,2023-01-18,East,Home & Kitchen,Cookware Set,2,2925.68,0,Cash on Delivery,Loyal,4,5851.36
101493,2023-01-19,South,Electronics,Smartwatch,2,18503.63,5,UPI,Loyal,5,35156.9
101452,2023-01-20,East,Beauty,Face Cream,4,851.89,0,Cash on Delivery,New,5,3407.56
100906,2023-01-21,Central,Electronics,Laptop,3,13357.02,15,Cash on Delivery,Returning,4,34060.4
100201,2023-01-21,South,Books,Fiction Novel,1,312.69,10,Credit Card,Returning,4,281.42
101357,2023-01-21,North,Home & Kitchen,Cookware Set,3,3084.04,5,UPI,Returning,4,8789.51
100524,2023-01-22,East,Books,Self-Help Book,2,495.53,0,Debit Card,New,5,991.06
101358,2023-01-22,West,Electronics,Laptop,2,11862.65,0,UPI,New,2,23725.3
101615,2023-01-22,North,Home & Kitchen,Vacuum Cleaner,2,3973.13,5,UPI,Returning,5,7548.95
100741,2023-01-23,East,Clothing,T-Shirt,5,894.81,10,Debit Card,Returning,3,4026.64
101643,2023-01-23,South,Home & Kitchen,Cookware Set,5,2748.63,20,Credit Card,Returning,4,10994.52
101446,2023-01-24,North,Electronics,Smartwatch,2,11386.45,0,UPI,Returning,2,22772.9
101134,2023-01-24,North,Clothing,Dress,3,943.54,10,Cash on Delivery,Returning,4,2547.56
100520,2023-01-24,West,Clothing,Jeans,2,885.31,20,Debit Card,Returning,4,1416.5
100094,2023-01-25,West,Beauty,Sunscreen,1,593.95,5,Debit Card,New,5,564.25
100192,2023-01-25,Central,Books,Self-Help Book,5,288.26,0,Cash on Delivery,New,5,1441.3
101554,2023-01-25,West,Clothing,T-Shirt,3,1412.87,0,Debit Card,New,4,4238.61
101017,2023-01-26,Central,Beauty,Shampoo,4,896.02,15,UPI,New,4,3046.47
101078,2023-01-27,West,Beauty,Sunscreen,2,634.05,0,Debit Card,Returning,4,1268.1
100445,2023-01-27,West,Books,Biography,1,365.82,0,Debit Card,New,2,365.82
100638,2023-01-28,Central,Electronics,Smartwatch,3,14144.82,0,Credit Card,Returning,4,42434.46
101876,2023-01-28,South,Sports,Dumbbells,2,2111.63,0,UPI,Loyal,5,4223.26
100231,2023-01-28,South,Home & Kitchen,Mixer Grinder,1,3971.91,0,Debit Card,Returning,3,3971.91
100582,2023-01-28,South,Sports,Dumbbells,5,1676.51,0,Debit Card,New,5,8382.55
100930,2023-01-29,South,Books,Fiction Novel,4,517.5,5,Credit Card,Returning,1,1966.5
100892,2023-01-29,Central,Beauty,Perfume,1,520.58,0,Cash on Delivery,Loyal,5,520.58
101571,2023-01-29,South,Electronics,Headphones,1,12776.36,0,Net Banking,New,5,12776.36
101085,2023-01-29,Central,Books,Comics,1,331.81,0,Debit Card,Returning,5,331.81
100731,2023-01-29,South,Books,Comics,5,599.54,0,UPI,New,4,2997.7
100202,2023-01-29,North,Clothing,Jeans,2,1082.94,10,Cash on Delivery,Returning,5,1949.29
101311,2023-01-29,East,Sports,Yoga Mat,3,1389.42,0,Credit Card,Loyal,4,4168.26
100120,2023-01-29,North,Books,Comics,4,480.8,15,Credit Card,Loyal,4,1634.72
100422,2023-01-30,East,Sports,Dumbbells,4,2517.28,10,Net Banking,New,4,9062.21
101250,2023-01-30,Central,Electronics,Laptop,1,14661.12,15,Credit Card,New,5,12461.95
101245,2023-01-31,East,Books,Cookbook,3,450.35,0,Credit Card,Returning,4,1351.05
101895,2023-01-31,South,Books,Self-Help Book,1,376.13,15,UPI,New,5,319.71
101305,2023-02-01,East,Beauty,Perfume,2,613.43,0,UPI,New,4,1226.86
101781,2023-02-01,North,Beauty,Face Cream,5,535.32,20,Net Banking,Returning,4,2141.28
101222,2023-02-02,North,Electronics,Laptop,2,12034.25,0,Credit Card,Returning,5,24068.5
100729,2023-02-04,West,Sports,Dumbbells,1,1662.26,0,Net Banking,New,5,1662.26
100996,2023-02-06,North,Beauty,Sunscreen,1,751.11,5,Net Banking,New,4,713.55
100850,2023-02-06,North,Books,Biography,3,574.36,0,Cash on Delivery,New,4,1723.08
101171,2023-02-07,Central,Sports,Yoga Mat,3,2479.57,0,Cash on Delivery,New,2,7438.71
100889,2023-02-07,East,Home & Kitchen,Mixer Grinder,1,4155.28,10,Debit Card,New,3,3739.75
101712,2023-02-07,East,Sports,Yoga Mat,2,2296.56,15,Debit Card,New,5,3904.15
100138,2023-02-08,Central,Books,Cookbook,4,548.78,10,Cash on Delivery,Returning,4,1975.61
100072,2023-02-08,North,Electronics,Laptop,4,13298.6,0,Credit Card,Returning,5,53194.4
101389,2023-02-08,Central,Sports,Dumbbells,3,2527.35,0,Cash on Delivery,New,3,7582.05
100843,2023-02-08,South,Electronics,Smartphone,4,13192.43,5,Debit Card,Returning,5,50131.23
100084,2023-02-08,East,Beauty,Lipstick,3,580.75,0,Net Banking,Returning,5,1742.25
101676,2023-02-10,Central,Electronics,Laptop,2,11743.17,5,Credit Card,Returning,5,22312.02
100836,2023-02-10,South,Home & Kitchen,Vacuum Cleaner,1,2713.17,0,UPI,Returning,3,2713.17
100106,2023-02-10,South,Electronics,Tablet,1,16469.58,10,Net Banking,New,3,14822.62
101239,2023-02-10,North,Sports,Running Shoes,1,2372.75,0,Credit Card,New,3,2372.75
101205,2023-02-11,South,Clothing,Dress,5,1113.48,10,Debit Card,New,5,5010.66
101487,2023-02-11,Central,Clothing,T-Shirt,1,1044.91,5,Net Banking,New,4,992.66
101193,2023-02-12,North,Clothing,Shoes,1,1296.19,15,Cash on Delivery,New,5,1101.76
100347,2023-02-12,North,Electronics,Laptop,2,19068.63,0,Credit Card,Loyal,2,38137.26
100767,2023-02-12,South,Beauty,Perfume,2,448.76,5,Cash on Delivery,Loyal,4,852.64
101636,2023-02-13,West,Books,Self-Help Book,2,334.48,0,Cash on Delivery,Returning,4,668.96
100806,2023-02-13,Central,Books,Cookbook,5,435.36,5,UPI,Returning,4,2067.96
100446,2023-02-14,East,Clothing,Shoes,3,1455.84,0,Cash on Delivery,Loyal,4,4367.52
100304,2023-02-14,East,Sports,Yoga Mat,5,1588.66,0,Cash on Delivery,Returning,2,7943.3
100539,2023-02-14,North,Clothing,Shoes,4,1770.83,10,Cash on Delivery,New,4,6374.99
101823,2023-02-15,East,Clothing,Shoes,1,1677.17,0,UPI,New,4,1677.17
100976,2023-02-15,East,Sports,Football,2,1997.91,5,UPI,New,4,3796.03
100634,2023-02-15,East,Beauty,Shampoo,5,859.12,0,Debit Card,Loyal,4,4295.6
100811,2023-02-15,South,Home & Kitchen,Mixer Grinder,5,4591.0,0,UPI,Returning,4,22955.0
100027,2023-02-15,Central,Beauty,Lipstick,4,427.42,15,Credit Card,Returning,4,1453.23
101481,2023-02-15,North,Clothing,Shoes,3,1258.82,10,Credit Card,New,4,3398.81
101708,2023-02-17,South,Clothing,Shoes,1,1510.78,0,UPI,New,4,1510.78
101187,2023-02-17,West,Electronics,Smartwatch,1,10618.33,10,Net Banking,Returning,2,9556.5
101791,2023-02-17,South,Home & Kitchen,Air Fryer,5,2942.99,0,Credit Card,Loyal,2,14714.95
101401,2023-02-19,Central,Sports,Cricket Bat,5,2472.78,10,Net Banking,New,5,11127.51
101774,2023-02-19,West,Sports,Running Shoes,4,1749.37,5,Cash on Delivery,Returning,4,6647.61
101731,2023-02-19,East,Electronics,Smartphone,4,18995.77,0,UPI,Loyal,3,75983.08
101266,2023-02-19,West,Beauty,Lipstick,5,572.61,5,UPI,Loyal,4,2719.9
100177,2023-02-19,East,Sports,Dumbbells,2,2425.72,10,Debit Card,Returning,4,4366.3
101107,2023-02-20,South,Beauty,Shampoo,2,760.92,0,Credit Card,Loyal,2,1521.84
100068,2023-02-20,East,Books,Comics,2,369.15,0,Net Banking,Returning,4,738.3
101429,2023-02-20,East,Home & Kitchen,Cookware Set,4,3909.07,20,Net Banking,Returning,4,12509.02
101299,2023-02-21,Central,Sports,Yoga Mat,5,2644.51,0,Credit Card,Loyal,5,13222.55
101338,2023-02-21,West,Electronics,Headphones,5,14427.76,0,Debit Card,Returning,1,72138.8
101557,2023-02-22,East,Clothing,T-Shirt,2,1441.03,5,Net Banking,New,2,2737.96
100033,2023-02-22,West,Sports,Dumbbells,5,1918.46,15,Cash on Delivery,Returning,5,8153.45
100797,2023-02-23,West,Clothing,T-Shirt,2,1346.93,20,Cash on Delivery,Returning,5,2155.09
101787,2023-02-23,South,Sports,Dumbbells,1,2444.32,20,Debit Card,Returning,4,1955.46
101875,2023-02-23,West,Home & Kitchen,Mixer Grinder,5,4658.39,10,Debit Card,Returning,2,20962.76
101855,2023-02-23,North,Electronics,Laptop,4,14681.94,15,Credit Card,Loyal,3,49918.6
100838,2023-02-24,East,Beauty,Face Cream,1,812.59,0,Credit Card,Returning,5,812.59
101867,2023-02-24,North,Books,Biography,5,528.92,0,Debit Card,Returning,5,2644.6
101590,2023-02-24,East,Beauty,Lipstick,1,707.39,10,Credit Card,New,2,636.65
101857,2023-02-24,Central,Books,Cookbook,5,558.83,5,Debit Card,Returning,4,2654.44
101259,2023-02-24,South,Books,Cookbook,5,483.67,0,UPI,Returning,3,2418.35
100529,2023-02-25,North,Books,Self-Help Book,5,516.51,10,Net Banking,Returning,5,2324.3
101570,2023-02-26,North,Beauty,Face Cream,4,834.41,0,Debit Card,New,1,3337.64
101071,2023-02-27,West,Books,Comics,3,352.22,0,UPI,Returning,5,1056.66
100500,2023-02-27,South,Electronics,Headphones,1,13410.94,0,UPI,Returning,5,13410.94
100925,2023-02-28,East,Beauty,Lipstick,4,517.44,5,Credit Card,Returning,3,1966.27
101178,2023-02-28,North,Sports,Yoga Mat,1,2025.83,0,Credit Card,Returning,4,2025.83
100642,2023-02-28,North,Home & Kitchen,Cookware Set,2,3132.12,10,UPI,New,5,5637.82
100859,2023-02-28,North,Electronics,Smartwatch,4,11822.07,10,Credit Card,Returning,2,42559.45
101721,2023-02-28,West,Sports,Dumbbells,4,2573.37,5,Credit Card,Loyal,4,9778.81
101214,2023-02-28,Central,Electronics,Tablet,3,13247.31,0,UPI,Loyal,4,39741.93
101053,2023-03-01,East,Clothing,Jeans,5,1599.7,5,Debit Card,New,5,7598.58
100456,2023-03-01,South,Electronics,Headphones,4,19191.05,5,Debit Card,Returning,5,72925.99
101396,2023-03-02,Central,Clothing,T-Shirt,3,1364.2,5,UPI,Returning,4,3887.97
100375,2023-03-03,North,Home & Kitchen,Vacuum Cleaner,5,3358.63,0,Cash on Delivery,Returning,4,16793.15
100126,2023-03-03,North,Home & Kitchen,Vacuum Cleaner,5,3076.69,5,Credit Card,Loyal,5,14614.28
101112,2023-03-04,Central,Sports,Football,3,2295.23,10,Net Banking,Returning,5,6197.12
100248,2023-03-04,North,Home & Kitchen,Air Fryer,1,3238.26,15,Net Banking,Returning,2,2752.52
101083,2023-03-05,Central,Clothing,Jeans,3,1716.88,0,Net Banking,Loyal,1,5150.64
100386,2023-03-05,West,Electronics,Smartwatch,2,18513.13,15,Debit Card,New,5,31472.32
100008,2023-03-06,North,Electronics,Smartphone,4,14021.86,0,UPI,Returning,5,56087.44
101597,2023-03-06,Central,Home & Kitchen,Mixer Grinder,2,4423.54,0,Credit Card,New,3,8847.08
101613,2023-03-06,East,Sports,Running Shoes,4,1540.84,0,Debit Card,Loyal,5,6163.36
101556,2023-03-06,East,Beauty,Sunscreen,4,472.09,5,Cash on Delivery,Returning,4,1793.94
100813,2023-03-06,West,Books,Fiction Novel,1,546.63,15,UPI,Returning,4,464.64
100299,2023-03-06,West,Books,Biography,3,397.69,0,Debit Card,Returning,2,1193.07
101820,2023-03-07,Central,Beauty,Lipstick,1,718.14,5,Debit Card,Returning,4,682.23
101393,2023-03-07,West,Clothing,Dress,5,1062.69,0,Debit Card,Returning,5,5313.45
101221,2023-03-07,Central,Beauty,Perfume,5,504.1,10,UPI,Returning,5,2268.45
100244,2023-03-07,East,Sports,Cricket Bat,4,1587.14,15,UPI,Returning,4,5396.28
100783,2023-03-07,West,Electronics,Smartphone,1,20610.41,0,Net Banking,Returning,3,20610.41
101694,2023-03-07,Central,Clothing,T-Shirt,3,1779.99,0,UPI,New,3,5339.97
101729,2023-03-08,South,Electronics,Tablet,2,13276.95,5,UPI,New,4,25226.2
101621,2023-03-08,Central,Sports,Yoga Mat,3,2294.79,5,Credit Card,New,4,6540.15
100183,2023-03-08,West,Books,Self-Help Book,3,340.9,0,Cash on Delivery,Returning,4,1022.7
100345,2023-03-09,North,Electronics,Smartwatch,3,21990.97,0,Net Banking,Returning,5,65972.91
101800,2023-03-09,West,Sports,Football,2,2442.69,10,Net Banking,Loyal,4,4396.84
100066,2023-03-10,South,Beauty,Sunscreen,2,577.8,10,UPI,New,3,1040.04
100644,2023-03-10,Central,Clothing,T-Shirt,1,1082.72,0,Credit Card,New,1,1082.72
100818,2023-03-10,North,Electronics,Smartphone,1,12428.56,20,Credit Card,Returning,4,9942.85
100338,2023-03-10,East,Electronics,Laptop,1,18725.33,0,Debit Card,New,4,18725.33
100993,2023-03-11,South,Home & Kitchen,Bedsheet,5,3546.07,0,UPI,Returning,5,17730.35
101050,2023-03-11,East,Sports,Running Shoes,3,2474.54,10,Debit Card,New,5,6681.26
101211,2023-03-11,East,Clothing,Jeans,4,999.35,0,UPI,Returning,5,3997.4
100419,2023-03-11,North,Home & Kitchen,Air Fryer,4,4077.97,0,UPI,Returning,5,16311.88
100477,2023-03-12,South,Electronics,Tablet,3,11897.73,0,Cash on Delivery,Returning,2,35693.19
101104,2023-03-12,West,Electronics,Headphones,2,14872.92,0,Net Banking,Loyal,5,29745.84
100902,2023-03-12,East,Sports,Football,3,1613.71,0,Net Banking,New,4,4841.13
100442,2023-03-13,West,Sports,Running Shoes,3,2420.13,0,Cash on Delivery,Loyal,5,7260.39
100660,2023-03-13,West,Clothing,T-Shirt,5,1080.33,15,Debit Card,Returning,5,4591.4
101141,2023-03-13,West,Books,Biography,3,568.45,15,Cash on Delivery,Loyal,5,1449.55
100509,2023-03-14,West,Clothing,Dress,5,1737.16,0,UPI,Loyal,3,8685.8
101248,2023-03-14,North,Sports,Football,1,2376.94,0,UPI,Loyal,5,2376.94
101413,2023-03-14,North,Books,Fiction Novel,5,516.22,5,UPI,Returning,4,2452.04
101368,2023-03-14,South,Books,Self-Help Book,2,498.39,0,Credit Card,Returning,3,996.78
101583,2023-03-14,East,Home & Kitchen,Cookware Set,2,4314.19,10,Cash on Delivery,New,5,7765.54
100466,2023-03-14,West,Home & Kitchen,Vacuum Cleaner,3,4183.68,0,Cash on Delivery,Loyal,4,12551.04
101387,2023-03-15,West,Electronics,Tablet,4,17701.49,0,Debit Card,Returning,4,70805.96
101883,2023-03-15,Central,Sports,Football,1,2273.94,10,Debit Card,Returning,5,2046.55
100910,2023-03-15,Central,Sports,Cricket Bat,4,2435.37,20,Credit Card,New,5,7793.18
100909,2023-03-15,West,Beauty,Sunscreen,4,701.21,20,UPI,Returning,5,2243.87
101839,2023-03-16,West,Books,Comics,5,569.77,5,UPI,Returning,3,2706.41
101638,2023-03-16,South,Beauty,Lipstick,4,744.3,10,UPI,New,4,2679.48
101095,2023-03-16,East,Sports,Running Shoes,3,2130.64,10,Net Banking,Returning,4,5752.73
101750,2023-03-17,South,Home & Kitchen,Vacuum Cleaner,2,4431.11,10,Credit Card,Returning,5,7976.0
100879,2023-03-17,East,Home & Kitchen,Bedsheet,4,4019.94,0,Cash on Delivery,Returning,3,16079.76
100037,2023-03-17,South,Home & Kitchen,Bedsheet,1,3407.26,0,Credit Card,Returning,5,3407.26
101567,2023-03-18,North,Sports,Yoga Mat,2,2456.76,15,Credit Card,Returning,4,4176.49
100778,2023-03-18,South,Beauty,Perfume,5,665.56,0,UPI,Returning,2,3327.8
100516,2023-03-19,East,Clothing,Shoes,3,1619.47,15,UPI,Loyal,5,4129.65
101767,2023-03-19,North,Clothing,Jeans,1,1708.0,0,UPI,New,4,1708.0
100590,2023-03-19,Central,Beauty,Sunscreen,1,430.49,10,Credit Card,New,4,387.44
100607,2023-03-19,South,Books,Self-Help Book,3,580.1,10,UPI,New,3,1566.27
100522,2023-03-20,West,Beauty,Face Cream,5,669.86,5,Net Banking,New,3,3181.84
100137,2023-03-20,East,Home & Kitchen,Cookware Set,2,2895.03,5,Cash on Delivery,Returning,4,5500.56
100923,2023-03-21,Central,Books,Biography,4,401.43,5,UPI,Returning,4,1525.43
101016,2023-03-22,Central,Sports,Football,1,1469.21,0,Debit Card,New,4,1469.21
101514,2023-03-22,South,Home & Kitchen,Bedsheet,2,2575.19,0,Debit Card,Loyal,5,5150.38
100538,2023-03-22,Central,Sports,Cricket Bat,4,2215.24,0,Debit Card,New,4,8860.96
100562,2023-03-22,South,Clothing,Shoes,3,1307.72,0,Cash on Delivery,Returning,4,3923.16
100330,2023-03-22,North,Clothing,Jacket,1,957.15,0,Net Banking,Loyal,4,957.15
101559,2023-03-23,Central,Home & Kitchen,Bedsheet,3,5106.63,0,Net Banking,Returning,1,15319.89
100341,2023-03-23,South,Sports,Cricket Bat,1,1758.99,0,UPI,Returning,4,1758.99
101457,2023-03-23,South,Clothing,T-Shirt,2,1089.87,5,Credit Card,Returning,4,2070.75
101202,2023-03-23,South,Electronics,Laptop,5,22462.19,0,Debit Card,New,5,112310.95
100413,2023-03-24,South,Sports,Yoga Mat,3,2483.33,0,Credit Card,Loyal,3,7449.99
100533,2023-03-24,North,Sports,Yoga Mat,5,2521.3,15,Net Banking,Returning,4,10715.52
101406,2023-03-24,South,Beauty,Sunscreen,5,742.9,10,Cash on Delivery,Loyal,4,3343.05
100802,2023-03-24,North,Sports,Running Shoes,2,1649.3,15,UPI,Returning,5,2803.81
100095,2023-03-25,North,Electronics,Smartwatch,4,16920.84,0,Credit Card,Returning,4,67683.36
101403,2023-03-26,Central,Books,Comics,4,308.56,0,Net Banking,Returning,5,1234.24
100497,2023-03-26,North,Electronics,Smartphone,3,18530.63,5,Net Banking,Returning,4,52812.3
101456,2023-03-27,West,Books,Self-Help Book,2,585.05,10,Debit Card,New,4,1053.09
100394,2023-03-27,West,Clothing,Jeans,3,1380.87,15,Net Banking,Returning,5,3521.22
101529,2023-03-27,South,Clothing,Dress,5,893.72,15,Debit Card,Loyal,5,3798.31
101679,2023-03-27,East,Books,Fiction Novel,2,422.53,0,Cash on Delivery,Loyal,2,845.06
101602,2023-03-29,South,Sports,Football,2,1867.54,15,Debit Card,Returning,4,3174.82
100791,2023-03-30,East,Sports,Cricket Bat,1,1455.11,5,Net Banking,Returning,5,1382.35
101033,2023-03-30,West,Sports,Dumbbells,2,2426.1,15,UPI,Loyal,4,4124.37
101738,2023-03-30,Central,Beauty,Shampoo,1,519.79,0,Credit Card,New,5,519.79
100916,2023-03-30,East,Home & Kitchen,Cookware Set,5,3000.92,15,UPI,New,5,12753.91
100848,2023-03-30,West,Beauty,Shampoo,3,470.53,5,Cash on Delivery,Loyal,4,1341.01
100306,2023-03-31,West,Clothing,T-Shirt,2,1653.31,0,UPI,New,5,3306.62
100499,2023-03-31,Central,Books,Fiction Novel,4,363.63,5,Credit Card,Returning,3,1381.79
101511,2023-04-01,Central,Sports,Running Shoes,1,2051.52,5,UPI,Loyal,5,1948.94
100319,2023-04-01,South,Sports,Cricket Bat,2,2559.22,15,Cash on Delivery,New,4,4350.67
100616,2023-04-01,South,Beauty,Shampoo,1,630.55,0,Net Banking,Loyal,4,630.55
100619,2023-04-02,Central,Books,Biography,5,304.09,0,UPI,New,4,1520.45
100353,2023-04-02,South,Clothing,Jacket,2,861.04,0,Net Banking,Returning,1,1722.08
101024,2023-04-03,West,Home & Kitchen,Mixer Grinder,3,3781.83,10,UPI,Returning,4,10210.94
101629,2023-04-03,East,Electronics,Smartwatch,1,11568.19,0,UPI,Returning,4,11568.19
101278,2023-04-05,Central,Books,Biography,2,500.15,0,Net Banking,Loyal,5,1000.3
100691,2023-04-05,South,Beauty,Lipstick,4,501.99,0,Debit Card,Returning,4,2007.96
100894,2023-04-05,West,Beauty,Lipstick,2,786.39,5,Cash on Delivery,Loyal,5,1494.14
101003,2023-04-05,East,Books,Fiction Novel,1,330.4,5,Credit Card,New,5,313.88
101173,2023-04-06,South,Beauty,Lipstick,3,714.49,15,Credit Card,New,5,1821.95
101605,2023-04-06,East,Books,Self-Help Book,5,550.04,10,Cash on Delivery,Returning,3,2475.18
100435,2023-04-06,West,Sports,Cricket Bat,1,1563.68,15,UPI,Loyal,4,1329.13
100601,2023-04-06,West,Beauty,Perfume,3,759.34,10,Credit Card,Returning,5,2050.22
101439,2023-04-07,North,Clothing,Dress,4,1345.88,5,Cash on Delivery,Returning,4,5114.34
101622,2023-04-07,East,Books,Fiction Novel,2,353.41,10,Credit Card,Loyal,5,636.14
100648,2023-04-08,West,Books,Comics,5,588.59,0,UPI,New,4,2942.95
101642,2023-04-08,Central,Books,Self-Help Book,2,360.36,15,Net Banking,Returning,3,612.61
101538,2023-04-08,South,Home & Kitchen,Mixer Grinder,3,2989.71,5,Cash on Delivery,Loyal,3,8520.67
101614,2023-04-08,North,Beauty,Sunscreen,2,893.01,0,Net Banking,Loyal,4,1786.02
101181,2023-04-09,East,Beauty,Shampoo,3,848.21,0,Net Banking,Returning,5,2544.63
100039,2023-04-10,South,Sports,Football,2,2604.15,5,Net Banking,Returning,5,4947.88
101834,2023-04-10,Central,Home & Kitchen,Cookware Set,1,4339.43,10,Cash on Delivery,New,3,3905.49
100297,2023-04-10,South,Electronics,Smartphone,3,19265.96,10,Cash on Delivery,Returning,5,52018.09
101226,2023-04-10,Central,Sports,Yoga Mat,3,1866.01,20,Debit Card,Loyal,3,4478.42
100579,2023-04-11,East,Clothing,Jacket,1,1066.16,0,Net Banking,Returning,4,1066.16
100481,2023-04-11,South,Beauty,Sunscreen,1,849.63,0,Cash on Delivery,Loyal,1,849.63
100239,2023-04-12,South,Home & Kitchen,Vacuum Cleaner,5,4017.32,5,Credit Card,Loyal,3,19082.27
101678,2023-04-12,North,Electronics,Smartphone,3,22179.44,0,UPI,New,5,66538.32
100181,2023-04-12,South,Books,Biography,5,566.14,0,Credit Card,New,4,2830.7
101627,2023-04-13,South,Books,Biography,1,294.59,5,Credit Card,Returning,2,279.86
100633,2023-04-13,West,Electronics,Smartphone,1,15683.87,0,Net Banking,Returning,3,15683.87
101832,2023-04-13,West,Beauty,Sunscreen,4,454.04,5,Debit Card,Returning,2,1725.35
100001,2023-04-13,West,Books,Cookbook,5,470.99,5,UPI,Returning,4,2237.2
100213,2023-04-14,East,Clothing,Jeans,3,1138.49,10,UPI,New,4,3073.92
100771,2023-04-14,East,Clothing,T-Shirt,3,1621.98,0,Cash on Delivery,Returning,4,4865.94
101813,2023-04-14,West,Home & Kitchen,Bedsheet,5,4091.88,10,Credit Card,Loyal,5,18413.46
101828,2023-04-14,East,Home & Kitchen,Bedsheet,2,3195.02,5,Credit Card,Returning,5,6070.54
100865,2023-04-14,West,Sports,Yoga Mat,4,1950.51,0,Credit Card,New,4,7802.04
101863,2023-04-15,East,Books,Fiction Novel,3,304.4,15,Cash on Delivery,Returning,4,776.22
101425,2023-04-15,East,Clothing,Dress,3,1063.73,5,UPI,New,1,3031.63
100263,2023-04-15,South,Clothing,Jacket,3,1414.74,5,UPI,Loyal,5,4032.01
100966,2023-04-15,North,Books,Cookbook,3,326.41,10,Net Banking,Returning,4,881.31
101846,2023-04-16,East,Beauty,Face Cream,2,671.48,10,UPI,Returning,5,1208.66
101227,2023-04-16,West,Books,Self-Help Book,5,491.74,0,Debit Card,Loyal,5,2458.7
100065,2023-04-16,East,Electronics,Tablet,5,12264.88,15,Debit Card,Loyal,2,52125.74
101379,2023-04-16,Central,Books,Cookbook,5,427.34,15,Debit Card,Returning,5,1816.19
101849,2023-04-17,West,Books,Biography,5,489.09,5,UPI,New,3,2323.18
100612,2023-04-17,East,Home & Kitchen,Air Fryer,2,5204.94,15,Net Banking,New,5,8848.4
101375,2023-04-17,North,Electronics,Headphones,3,13091.82,10,Cash on Delivery,Returning,4,35347.91
101346,2023-04-17,Central,Clothing,Jeans,2,1488.72,15,Cash on Delivery,Returning,2,2530.82
101115,2023-04-18,North,Sports,Yoga Mat,2,1698.68,5,Credit Card,Returning,5,3227.49
101129,2023-04-18,North,Home & Kitchen,Cookware Set,3,4184.18,0,UPI,New,5,12552.54
101159,2023-04-18,Central,Electronics,Tablet,5,13538.94,20,Credit Card,Loyal,5,54155.76
101247,2023-04-19,Central,Sports,Running Shoes,4,1794.33,10,Net Banking,Loyal,5,6459.59
101624,2023-04-19,North,Sports,Football,2,1846.21,5,Credit Card,Returning,5,3507.8
100073,2023-04-19,South,Sports,Football,1,2072.82,0,Net Banking,Returning,5,2072.82
101100,2023-04-19,North,Sports,Football,4,2208.77,10,Credit Card,New,4,7951.57
100799,2023-04-19,Central,Sports,Yoga Mat,2,1378.7,10,Credit Card,Returning,3,2481.66
100260,2023-04-19,West,Books,Fiction Novel,5,509.9,20,Net Banking,New,5,2039.6
101174,2023-04-19,North,Clothing,Jeans,2,1098.73,0,Credit Card,New,4,2197.46
101252,2023-04-20,West,Home & Kitchen,Cookware Set,1,3034.49,5,Debit Card,Loyal,5,2882.77
101339,2023-04-20,East,Books,Self-Help Book,3,550.83,10,Cash on Delivery,Returning,4,1487.24
100393,2023-04-20,Central,Beauty,Shampoo,2,543.1,0,Net Banking,Returning,5,1086.2
100467,2023-04-21,Central,Books,Cookbook,3,352.33,5,Debit Card,New,4,1004.14
101161,2023-04-21,West,Electronics,Laptop,4,14705.64,15,Debit Card,Returning,3,49999.18
101361,2023-04-21,East,Electronics,Smartwatch,2,11431.77,0,Debit Card,Returning,4,22863.54
101061,2023-04-22,South,Beauty,Shampoo,5,441.39,20,Debit Card,New,3,1765.56
101842,2023-04-22,East,Clothing,Dress,5,1448.93,15,Debit Card,Returning,5,6157.95
101634,2023-04-22,South,Beauty,Sunscreen,5,656.42,10,Net Banking,New,4,2953.89
100945,2023-04-22,East,Sports,Yoga Mat,5,2496.06,20,Net Banking,Returning,5,9984.24
100738,2023-04-23,East,Books,Fiction Novel,5,341.14,10,UPI,Returning,5,1535.13
101436,2023-04-23,Central,Electronics,Tablet,2,16951.27,5,UPI,Returning,5,32207.41
100337,2023-04-23,West,Beauty,Sunscreen,3,511.89,5,Credit Card,Returning,5,1458.89
101258,2023-04-23,North,Books,Self-Help Book,3,301.0,5,Debit Card,Returning,5,857.85
101686,2023-04-23,East,Beauty,Perfume,1,853.6,0,Net Banking,Loyal,5,853.6
101732,2023-04-24,East,Sports,Dumbbells,1,1917.14,0,Cash on Delivery,Returning,5,1917.14
101076,2023-04-24,North,Home & Kitchen,Cookware Set,1,2593.74,0,Debit Card,Returning,5,2593.74
100645,2023-04-24,North,Beauty,Perfume,5,746.67,0,Debit Card,New,5,3733.35
101681,2023-04-25,Central,Books,Biography,2,536.63,10,Credit Card,Returning,3,965.93
100708,2023-04-25,North,Books,Fiction Novel,4,395.02,0,Debit Card,Returning,4,1580.08
101865,2023-04-25,North,Home & Kitchen,Air Fryer,2,3101.35,10,Cash on Delivery,Returning,5,5582.43
100614,2023-04-27,South,Clothing,Dress,2,1266.84,0,Net Banking,Returning,4,2533.68
101517,2023-04-27,South,Sports,Yoga Mat,1,1586.55,5,Cash on Delivery,Loyal,4,1507.22
100054,2023-04-27,South,Sports,Running Shoes,5,1322.15,15,Net Banking,Loyal,2,5619.14
101870,2023-04-27,South,Home & Kitchen,Cookware Set,3,4954.76,10,Debit Card,Loyal,5,13377.85
100036,2023-04-28,North,Books,Comics,1,585.56,10,Net Banking,Returning,4,527.0
101873,2023-04-28,South,Electronics,Headphones,1,20437.3,10,Cash on Delivery,Returning,5,18393.57
101547,2023-04-28,West,Sports,Cricket Bat,4,2065.38,10,Credit Card,Returning,5,7435.37
101388,2023-04-29,North,Home & Kitchen,Cookware Set,2,5246.36,0,UPI,Returning,5,10492.72
100716,2023-04-29,South,Beauty,Face Cream,4,780.08,10,Debit Card,Returning,4,2808.29
100161,2023-04-29,East,Beauty,Sunscreen,5,462.51,0,UPI,New,3,2312.55
100663,2023-05-01,West,Books,Fiction Novel,3,281.56,5,Cash on Delivery,New,4,802.45
100805,2023-05-02,East,Clothing,Shoes,4,1466.5,5,Cash on Delivery,Returning,3,5572.7
100896,2023-05-02,East,Books,Fiction Novel,1,411.46,0,Net Banking,Returning,3,411.46
100150,2023-05-02,East,Beauty,Shampoo,5,507.42,10,UPI,New,1,2283.39
100056,2023-05-02,West,Sports,Football,2,1590.33,0,Net Banking,Loyal,5,3180.66
100830,2023-05-03,South,Beauty,Lipstick,1,564.67,10,Cash on Delivery,Returning,4,508.2
101395,2023-05-03,East,Beauty,Perfume,1,485.61,5,Cash on Delivery,Returning,3,461.33
101645,2023-05-03,Central,Beauty,Lipstick,3,616.73,5,Cash on Delivery,Returning,3,1757.68
100486,2023-05-03,East,Home & Kitchen,Cookware Set,4,3133.65,5,Cash on Delivery,Returning,4,11907.87
101501,2023-05-03,Central,Clothing,T-Shirt,3,1139.75,0,Net Banking,Loyal,5,3419.25
100172,2023-05-04,North,Sports,Yoga Mat,3,1346.79,15,UPI,New,4,3434.31
100032,2023-05-05,South,Clothing,T-Shirt,4,877.28,0,UPI,New,4,3509.12
100742,2023-05-05,South,Home & Kitchen,Bedsheet,3,3964.32,15,Cash on Delivery,New,2,10109.02
101427,2023-05-07,South,Home & Kitchen,Mixer Grinder,3,4166.51,15,UPI,New,3,10624.6
101885,2023-05-07,Central,Books,Comics,4,290.18,15,UPI,Returning,2,986.61
100149,2023-05-07,North,Sports,Football,3,2303.75,5,Cash on Delivery,New,5,6565.69
100090,2023-05-07,South,Electronics,Smartwatch,2,11327.06,0,Credit Card,Loyal,4,22654.12
100940,2023-05-08,East,Home & Kitchen,Mixer Grinder,5,3767.33,5,Credit Card,Loyal,3,17894.82
100430,2023-05-08,Central,Beauty,Shampoo,3,433.99,15,Cash on Delivery,Returning,3,1106.67
100395,2023-05-08,East,Sports,Dumbbells,1,1896.11,20,Debit Card,Loyal,2,1516.89
100193,2023-05-08,West,Books,Biography,2,368.88,15,Net Banking,New,5,627.1
100552,2023-05-09,North,Electronics,Laptop,2,17501.06,5,Cash on Delivery,New,5,33252.01
100355,2023-05-09,West,Sports,Dumbbells,3,2001.61,5,Net Banking,Returning,2,5704.59
101051,2023-05-09,North,Books,Cookbook,3,391.28,15,Credit Card,New,5,997.76
100766,2023-05-10,Central,Electronics,Smartwatch,4,21690.05,15,Credit Card,Loyal,5,73746.17
100546,2023-05-10,North,Sports,Cricket Bat,4,2593.53,0,Debit Card,Returning,4,10374.12
100713,2023-05-10,Central,Books,Self-Help Book,4,536.26,10,Credit Card,Loyal,5,1930.54
100229,2023-05-11,South,Books,Fiction Novel,3,378.78,15,Cash on Delivery,Returning,3,965.89
101728,2023-05-11,North,Books,Fiction Novel,1,520.52,10,Net Banking,Loyal,4,468.47
101362,2023-05-11,West,Beauty,Sunscreen,4,714.73,15,Net Banking,Returning,4,2430.08
101360,2023-05-11,Central,Electronics,Laptop,1,19844.86,10,Credit Card,Returning,5,17860.37
100322,2023-05-12,South,Sports,Football,4,1554.42,0,UPI,Returning,2,6217.68
100773,2023-05-12,East,Beauty,Perfume,3,869.6,0,Credit Card,New,4,2608.8
101845,2023-05-13,East,Clothing,T-Shirt,3,1622.96,10,UPI,Loyal,3,4381.99
100895,2023-05-13,Central,Beauty,Sunscreen,2,869.19,0,UPI,New,1,1738.38
100343,2023-05-14,East,Clothing,T-Shirt,1,1485.17,5,UPI,New,4,1410.91
100490,2023-05-14,Central,Home & Kitchen,Mixer Grinder,2,5048.54,0,Cash on Delivery,New,1,10097.08
101449,2023-05-15,South,Electronics,Laptop,4,16904.9,5,Net Banking,New,5,64238.62
101219,2023-05-15,West,Clothing,Jeans,5,1131.95,5,Cash on Delivery,Returning,5,5376.76
101623,2023-05-15,South,Home & Kitchen,Bedsheet,4,4128.99,5,UPI,Returning,3,15690.16
100315,2023-05-17,Central,Clothing,Dress,5,1201.91,5,UPI,New,5,5709.07
101267,2023-05-17,North,Electronics,Smartphone,2,15694.21,0,Debit Card,Returning,5,31388.42
100506,2023-05-17,South,Sports,Cricket Bat,3,2062.66,10,Net Banking,Returning,5,5569.18
101586,2023-05-18,West,Home & Kitchen,Air Fryer,5,4878.78,0,Credit Card,Returning,4,24393.9
101525,2023-05-19,Central,Books,Cookbook,4,486.06,10,Debit Card,Returning,4,1749.82
100276,2023-05-19,West,Home & Kitchen,Bedsheet,1,4506.82,0,Credit Card,Loyal,4,4506.82
100312,2023-05-19,Central,Electronics,Laptop,3,12613.15,0,Debit Card,Loyal,3,37839.45
101631,2023-05-20,Central,Beauty,Sunscreen,5,702.03,10,Net Banking,Loyal,4,3159.14
100417,2023-05-20,West,Electronics,Smartphone,2,12715.59,0,Credit Card,Loyal,5,25431.18
100089,2023-05-21,South,Electronics,Smartphone,4,17615.55,0,Cash on Delivery,Loyal,1,70462.2
100293,2023-05-21,East,Electronics,Smartwatch,3,11571.47,10,Debit Card,Returning,5,31242.97
101103,2023-05-21,West,Clothing,Jacket,1,948.58,15,UPI,New,5,806.29
101004,2023-05-21,West,Clothing,Jeans,4,924.49,15,Credit Card,Returning,4,3143.27
101175,2023-05-22,Central,Electronics,Headphones,1,11739.11,0,Debit Card,Returning,5,11739.11
101691,2023-05-22,North,Electronics,Smartphone,5,22114.65,10,Net Banking,Returning,3,99515.92
101268,2023-05-22,West,Electronics,Laptop,1,12207.43,10,Net Banking,Loyal,5,10986.69
101092,2023-05-22,West,Electronics,Laptop,5,12190.85,0,Credit Card,New,3,60954.25
100245,2023-05-23,Central,Home & Kitchen,Mixer Grinder,5,3593.26,10,Cash on Delivery,Loyal,5,16169.67
100055,2023-05-23,North,Books,Cookbook,1,572.88,20,Cash on Delivery,New,4,458.3
100876,2023-05-24,Central,Electronics,Laptop,5,14320.22,0,Cash on Delivery,New,4,71601.1
101584,2023-05-25,South,Electronics,Laptop,3,21838.67,0,Net Banking,New,4,65516.01
100587,2023-05-25,South,Books,Comics,3,377.57,0,Cash on Delivery,New,5,1132.71
101651,2023-05-26,Central,Electronics,Laptop,5,12072.45,0,Cash on Delivery,New,3,60362.25
101450,2023-05-26,West,Beauty,Perfume,3,886.08,15,Credit Card,Returning,5,2259.5
100487,2023-05-27,East,Clothing,Dress,4,847.04,0,Net Banking,Loyal,3,3388.16
100837,2023-05-27,North,Beauty,Face Cream,1,439.26,15,Credit Card,Returning,5,373.37
101383,2023-05-27,North,Clothing,Jeans,4,1217.83,5,Debit Card,New,4,4627.75
101794,2023-05-28,East,Sports,Running Shoes,1,1502.52,10,Debit Card,New,3,1352.27
101670,2023-05-29,West,Electronics,Smartphone,5,19246.97,0,Cash on Delivery,Returning,4,96234.85
100737,2023-05-29,West,Books,Biography,3,562.15,15,Cash on Delivery,Returning,4,1433.48
100109,2023-05-29,East,Home & Kitchen,Air Fryer,1,4470.29,10,Debit Card,Returning,5,4023.26
101296,2023-05-29,North,Electronics,Headphones,5,20937.22,5,Cash on Delivery,New,4,99451.8
101635,2023-05-30,West,Books,Comics,3,499.05,0,Cash on Delivery,Loyal,5,1497.15
101759,2023-05-30,Central,Clothing,Jeans,2,1543.53,0,Cash on Delivery,Returning,5,3087.06
101579,2023-05-30,East,Books,Self-Help Book,5,429.53,0,Credit Card,Returning,4,2147.65
101859,2023-05-31,West,Home & Kitchen,Mixer Grinder,2,5247.62,10,UPI,Loyal,4,9445.72
101434,2023-05-31,West,Books,Cookbook,5,413.61,0,UPI,New,5,2068.05
100163,2023-05-31,Central,Sports,Football,2,2315.37,0,Net Banking,New,5,4630.74
100048,2023-05-31,North,Books,Comics,2,591.76,20,Debit Card,Returning,5,946.82
101749,2023-06-01,East,Home & Kitchen,Vacuum Cleaner,5,5054.08,0,Credit Card,Returning,4,25270.4
101168,2023-06-01,North,Beauty,Shampoo,1,496.25,0,Debit Card,Returning,5,496.25
100153,2023-06-01,South,Electronics,Headphones,1,15763.39,10,Cash on Delivery,Loyal,5,14187.05
101172,2023-06-02,East,Books,Self-Help Book,3,440.24,5,Net Banking,Returning,5,1254.68
101851,2023-06-02,North,Books,Biography,3,430.8,15,Credit Card,Returning,4,1098.54
100356,2023-06-02,Central,Beauty,Sunscreen,4,723.46,0,Debit Card,Loyal,5,2893.84
100899,2023-06-03,North,Sports,Dumbbells,5,1392.98,10,Debit Card,Loyal,4,6268.41
100549,2023-06-04,West,Books,Cookbook,2,574.15,5,Debit Card,New,5,1090.88
101152,2023-06-04,Central,Electronics,Laptop,2,14369.34,15,Cash on Delivery,Returning,5,24427.88
101435,2023-06-04,East,Books,Biography,2,356.74,15,Cash on Delivery,New,4,606.46
100385,2023-06-04,South,Home & Kitchen,Bedsheet,4,3851.01,10,Credit Card,Returning,4,13863.64
100877,2023-06-04,East,Clothing,T-Shirt,1,1430.49,5,Credit Card,New,4,1358.97
101313,2023-06-05,South,Home & Kitchen,Mixer Grinder,5,3577.71,0,Debit Card,Returning,5,17888.55
100160,2023-06-05,West,Home & Kitchen,Bedsheet,4,3205.3,0,Net Banking,Loyal,2,12821.2
101286,2023-06-05,South,Electronics,Tablet,5,18736.47,0,UPI,New,3,93682.35
101148,2023-06-06,Central,Books,Biography,1,505.72,0,Debit Card,Returning,5,505.72
100292,2023-06-06,West,Home & Kitchen,Mixer Grinder,1,2813.8,5,Debit Card,Returning,5,2673.11
101717,2023-06-06,Central,Clothing,Jeans,4,1250.39,0,Credit Card,Returning,5,5001.56
101663,2023-06-07,Central,Sports,Dumbbells,2,2043.21,10,Net Banking,Returning,5,3677.78
101075,2023-06-08,West,Books,Cookbook,4,283.42,5,Cash on Delivery,Returning,5,1077.0
100179,2023-06-09,East,Clothing,T-Shirt,5,1410.7,5,Debit Card,New,4,6700.82
101353,2023-06-10,Central,Books,Self-Help Book,5,455.76,0,UPI,New,5,2278.8
101382,2023-06-10,East,Clothing,T-Shirt,3,1598.35,0,Credit Card,Loyal,5,4795.05
100528,2023-06-10,West,Clothing,T-Shirt,4,1721.13,0,Debit Card,New,3,6884.52
101303,2023-06-10,North,Sports,Football,5,1920.06,0,Credit Card,Returning,4,9600.3
100570,2023-06-10,Central,Electronics,Smartwatch,2,18069.25,5,UPI,New,4,34331.57
100349,2023-06-10,East,Clothing,Jeans,2,1612.89,15,UPI,New,5,2741.91
100759,2023-06-11,North,Sports,Running Shoes,1,2121.39,10,Net Banking,New,5,1909.25
100974,2023-06-11,North,Books,Biography,4,345.13,0,Net Banking,Returning,5,1380.52
100298,2023-06-11,North,Sports,Football,3,1714.5,10,Net Banking,Returning,4,4629.15
101860,2023-06-11,South,Clothing,T-Shirt,4,1441.25,0,Debit Card,New,4,5765.0
101652,2023-06-11,West,Books,Biography,4,373.95,10,Cash on Delivery,Returning,5,1346.22
101066,2023-06-12,North,Beauty,Shampoo,5,594.4,5,Net Banking,New,5,2823.4
101419,2023-06-12,Central,Beauty,Face Cream,4,826.11,10,UPI,Returning,4,2974.0
100157,2023-06-12,Central,Books,Fiction Novel,4,321.88,20,UPI,Loyal,4,1030.02
100459,2023-06-13,West,Clothing,Jacket,5,1101.08,0,Cash on Delivery,Returning,3,5505.4
101162,2023-06-13,North,Clothing,Jeans,2,1350.11,0,Cash on Delivery,New,5,2700.22
100967,2023-06-14,North,Electronics,Smartphone,1,18364.6,5,Debit Card,Loyal,3,17446.37
101866,2023-06-15,North,Sports,Football,4,2027.63,5,Net Banking,Loyal,4,7704.99
100666,2023-06-15,East,Clothing,Shoes,3,1464.11,10,Credit Card,New,5,3953.1
100880,2023-06-15,Central,Electronics,Headphones,5,21370.2,15,Credit Card,Returning,4,90823.35
101840,2023-06-16,West,Electronics,Smartwatch,2,16152.35,5,Credit Card,New,3,30689.46
101539,2023-06-16,Central,Electronics,Tablet,1,12199.23,0,Debit Card,Returning,2,12199.23
101191,2023-06-16,South,Sports,Football,1,2466.95,5,Cash on Delivery,Returning,4,2343.6
101550,2023-06-17,East,Clothing,Dress,3,1621.72,10,Net Banking,Returning,5,4378.64
100334,2023-06-17,East,Books,Fiction Novel,5,509.91,15,Net Banking,Loyal,5,2167.12
101345,2023-06-17,North,Electronics,Laptop,2,16810.2,10,Net Banking,Loyal,4,30258.36
101331,2023-06-18,West,Sports,Running Shoes,4,1260.23,10,Credit Card,New,4,4536.83
100676,2023-06-18,South,Clothing,T-Shirt,2,1671.93,5,Cash on Delivery,New,4,3176.67
100272,2023-06-19,West,Books,Cookbook,4,598.35,5,Net Banking,New,5,2273.73
101480,2023-06-19,South,Electronics,Smartphone,5,15109.28,10,Credit Card,New,3,67991.76
100689,2023-06-20,East,Beauty,Sunscreen,4,863.12,0,Net Banking,Loyal,2,3452.48
100944,2023-06-21,West,Books,Fiction Novel,4,308.86,10,UPI,Returning,3,1111.9
101471,2023-06-21,Central,Electronics,Laptop,2,16142.76,5,Cash on Delivery,Returning,5,30671.24
101251,2023-06-21,South,Home & Kitchen,Bedsheet,3,4569.27,0,Cash on Delivery,Returning,4,13707.81
100793,2023-06-21,Central,Home & Kitchen,Cookware Set,2,2883.56,0,Credit Card,New,1,5767.12
100518,2023-06-21,North,Home & Kitchen,Vacuum Cleaner,2,3986.95,0,Cash on Delivery,Returning,4,7973.9
101306,2023-06-22,South,Books,Biography,5,474.78,20,Debit Card,Returning,5,1899.12
100514,2023-06-22,Central,Home & Kitchen,Cookware Set,2,3216.36,15,Debit Card,Loyal,5,5467.81
101132,2023-06-22,Central,Beauty,Shampoo,5,776.6,15,UPI,Loyal,3,3300.55
100664,2023-06-22,East,Beauty,Shampoo,3,748.67,0,UPI,Returning,2,2246.01
100437,2023-06-24,Central,Sports,Cricket Bat,4,1447.92,5,Credit Card,Loyal,5,5502.1
101086,2023-06-24,South,Books,Biography,2,577.81,0,Credit Card,New,4,1155.62
100361,2023-06-24,South,Electronics,Tablet,2,14430.63,5,Credit Card,Returning,4,27418.2
100097,2023-06-24,South,Clothing,Dress,1,1224.73,5,Cash on Delivery,New,5,1163.49
101034,2023-06-25,East,Beauty,Face Cream,2,873.9,5,UPI,Returning,3,1660.41
100545,2023-06-25,East,Books,Fiction Novel,5,454.56,0,Credit Card,New,5,2272.8
101038,2023-06-25,East,Clothing,Jacket,4,936.51,5,Net Banking,Returning,1,3558.74
100128,2023-06-25,South,Clothing,Shoes,4,945.09,15,Net Banking,Loyal,4,3213.31
100784,2023-06-25,Central,Sports,Running Shoes,1,1605.53,0,Cash on Delivery,Returning,5,1605.53
101508,2023-06-25,North,Sports,Yoga Mat,3,2620.17,5,Debit Card,New,4,7467.48
101475,2023-06-26,East,Sports,Yoga Mat,3,1783.91,0,Cash on Delivery,Loyal,2,5351.73
101654,2023-06-26,South,Clothing,Shoes,4,1513.54,5,UPI,Loyal,5,5751.45
100412,2023-06-26,East,Sports,Football,5,1274.81,10,Credit Card,Returning,4,5736.64
100951,2023-06-26,East,Books,Fiction Novel,1,343.3,15,Net Banking,Loyal,5,291.8
101093,2023-06-27,Central,Beauty,Sunscreen,3,550.49,0,UPI,Loyal,3,1651.47
101288,2023-06-27,Central,Home & Kitchen,Cookware Set,1,3981.68,0,Credit Card,New,4,3981.68
101084,2023-06-27,East,Electronics,Laptop,2,12085.94,0,Net Banking,Returning,5,24171.88
101235,2023-06-27,North,Clothing,Shoes,4,1025.74,15,Net Banking,Loyal,5,3487.52
100933,2023-06-27,North,Books,Self-Help Book,1,444.39,0,Net Banking,New,3,444.39
100289,2023-06-27,West,Beauty,Shampoo,5,805.9,5,Cash on Delivery,New,5,3828.02
100230,2023-06-27,Central,Sports,Football,1,2484.89,5,Credit Card,Loyal,3,2360.65
100769,2023-06-27,South,Clothing,Jeans,1,1157.75,15,Cash on Delivery,Returning,4,984.09
101536,2023-06-28,East,Electronics,Laptop,5,15595.65,0,Debit Card,Returning,5,77978.25
101594,2023-06-28,North,Clothing,T-Shirt,4,1245.46,0,Credit Card,New,3,4981.84
100603,2023-06-28,East,Clothing,Shoes,4,1502.52,15,Credit Card,Loyal,3,5108.57
101515,2023-06-29,Central,Electronics,Headphones,3,14676.91,0,Cash on Delivery,Loyal,3,44030.73
101182,2023-06-29,Central,Beauty,Shampoo,5,578.7,0,Credit Card,Returning,5,2893.5
100640,2023-06-30,South,Clothing,T-Shirt,2,1355.78,10,Cash on Delivery,Returning,4,2440.4
100451,2023-06-30,South,Clothing,Jeans,4,938.73,0,Debit Card,Returning,5,3754.92
100301,2023-07-01,West,Books,Cookbook,1,588.32,10,Cash on Delivery,Returning,4,529.49
100530,2023-07-01,East,Beauty,Perfume,2,641.15,5,Debit Card,Returning,4,1218.18
100067,2023-07-02,East,Beauty,Shampoo,4,585.92,5,Net Banking,Loyal,5,2226.5
100259,2023-07-02,North,Books,Cookbook,3,424.19,0,Cash on Delivery,Returning,5,1272.57
101718,2023-07-02,East,Electronics,Laptop,3,20032.4,0,Debit Card,Returning,4,60097.2
100332,2023-07-02,North,Electronics,Headphones,2,12456.42,10,Debit Card,New,5,22421.56
100220,2023-07-02,North,Clothing,Dress,1,1414.3,20,Cash on Delivery,New,3,1131.44
100851,2023-07-03,North,Clothing,Dress,3,1735.23,10,Credit Card,Returning,4,4685.12
100396,2023-07-03,South,Electronics,Tablet,1,17391.45,10,Debit Card,Returning,4,15652.3
100540,2023-07-04,Central,Books,Self-Help Book,2,314.78,0,Net Banking,Returning,5,629.56
101116,2023-07-05,East,Home & Kitchen,Air Fryer,2,5248.61,15,Cash on Delivery,Returning,5,8922.64
101705,2023-07-05,Central,Beauty,Face Cream,5,847.53,20,Credit Card,Returning,4,3390.12
100217,2023-07-07,North,Books,Biography,1,468.22,10,Net Banking,Returning,4,421.4
101333,2023-07-07,Central,Home & Kitchen,Air Fryer,4,4019.99,10,UPI,Loyal,5,14471.96
100827,2023-07-08,East,Clothing,Jeans,4,1126.14,0,Credit Card,New,4,4504.56
100324,2023-07-08,West,Clothing,Shoes,2,1631.8,5,Net Banking,New,4,3100.42
101394,2023-07-08,South,Home & Kitchen,Air Fryer,4,3083.73,5,UPI,Loyal,5,11718.17
100004,2023-07-09,East,Sports,Dumbbells,1,1326.89,0,Debit Card,Loyal,5,1326.89
101882,2023-07-10,West,Home & Kitchen,Air Fryer,5,4104.8,5,Debit Card,Returning,5,19497.8
100131,2023-07-10,East,Beauty,Shampoo,5,842.82,0,Debit Card,New,4,4214.1
101249,2023-07-10,West,Books,Self-Help Book,2,567.99,20,Debit Card,New,3,908.78
101461,2023-07-10,Central,Sports,Cricket Bat,2,1595.66,0,Cash on Delivery,Returning,4,3191.32
100543,2023-07-10,South,Home & Kitchen,Air Fryer,1,3923.03,10,UPI,Loyal,3,3530.73
101213,2023-07-11,West,Clothing,Jeans,4,893.01,0,Debit Card,Returning,1,3572.04
100594,2023-07-12,Central,Home & Kitchen,Cookware Set,5,3548.35,10,Net Banking,Returning,4,15967.58
100416,2023-07-14,South,Home & Kitchen,Mixer Grinder,3,3044.85,5,Debit Card,Loyal,4,8677.82
101015,2023-07-15,Central,Clothing,Dress,2,1074.46,0,Debit Card,Returning,3,2148.92
101354,2023-07-16,North,Home & Kitchen,Cookware Set,1,4529.65,5,Cash on Delivery,New,3,4303.17
101398,2023-07-16,South,Home & Kitchen,Air Fryer,2,2713.1,15,Credit Card,Returning,4,4612.27
101549,2023-07-16,South,Books,Cookbook,1,575.01,0,Credit Card,New,4,575.01
101409,2023-07-16,East,Books,Cookbook,5,562.07,0,Debit Card,Returning,4,2810.35
101704,2023-07-17,North,Sports,Football,4,1772.84,15,Net Banking,Loyal,4,6027.66
100221,2023-07-17,West,Sports,Yoga Mat,4,1812.72,5,Credit Card,Returning,5,6888.34
100584,2023-07-18,South,Electronics,Headphones,3,16523.34,10,Credit Card,Loyal,5,44613.02
100628,2023-07-19,East,Beauty,Sunscreen,4,666.73,10,Net Banking,Returning,2,2400.23
101877,2023-07-20,East,Sports,Running Shoes,4,1706.26,0,Net Banking,New,4,6825.04
101030,2023-07-20,South,Beauty,Lipstick,1,880.81,15,UPI,Returning,3,748.69
100745,2023-07-22,Central,Sports,Dumbbells,2,1532.96,5,Debit Card,Returning,4,2912.62
100829,2023-07-22,North,Beauty,Lipstick,1,587.33,0,Cash on Delivery,Returning,5,587.33
101097,2023-07-23,East,Clothing,T-Shirt,1,1029.51,15,Credit Card,Loyal,5,875.08
100726,2023-07-23,Central,Home & Kitchen,Vacuum Cleaner,2,3457.41,20,Debit Card,Returning,5,5531.86
100362,2023-07-24,North,Books,Comics,5,420.51,5,Net Banking,Returning,5,1997.42
100673,2023-07-24,North,Beauty,Lipstick,4,889.89,5,Credit Card,New,4,3381.58
101349,2023-07-25,East,Beauty,Lipstick,4,896.83,0,Debit Card,Returning,5,3587.32
100328,2023-07-25,North,Beauty,Lipstick,4,892.73,0,Net Banking,New,4,3570.92
101265,2023-07-26,West,Home & Kitchen,Cookware Set,2,3136.87,0,Debit Card,New,5,6273.74
101243,2023-07-26,North,Books,Biography,5,569.58,5,Credit Card,Loyal,5,2705.5
100861,2023-07-26,Central,Books,Comics,3,595.63,15,Credit Card,Loyal,2,1518.86
100425,2023-07-27,North,Electronics,Laptop,5,11516.26,5,UPI,New,4,54702.24
100489,2023-07-27,North,Electronics,Laptop,4,22308.38,10,Credit Card,New,2,80310.17
100519,2023-07-28,East,Books,Cookbook,4,578.84,5,Net Banking,Loyal,3,2199.59
101284,2023-07-28,East,Books,Fiction Novel,3,405.83,0,Credit Card,Returning,5,1217.49
100599,2023-07-29,North,Beauty,Lipstick,3,426.56,0,Credit Card,Loyal,4,1279.68
100775,2023-07-29,North,Books,Cookbook,4,481.24,10,Credit Card,New,5,1732.46
101807,2023-07-30,South,Sports,Yoga Mat,2,2396.42,10,Cash on Delivery,Returning,4,4313.56
101229,2023-07-31,West,Electronics,Headphones,3,20805.02,10,Debit Card,Loyal,4,56173.55
100234,2023-08-02,Central,Beauty,Shampoo,4,542.64,5,Cash on Delivery,Loyal,1,2062.03
101780,2023-08-02,South,Sports,Football,5,1839.89,0,Net Banking,Loyal,3,9199.45
101216,2023-08-02,West,Clothing,Jeans,2,1779.94,5,Net Banking,New,4,3381.89
100287,2023-08-03,East,Beauty,Sunscreen,5,824.27,0,Net Banking,Returning,4,4121.35
100280,2023-08-04,East,Home & Kitchen,Mixer Grinder,3,4066.38,20,Debit Card,Returning,5,9759.31
101156,2023-08-05,Central,Beauty,Shampoo,3,735.63,5,Debit Card,Loyal,5,2096.55
101469,2023-08-06,South,Clothing,Shoes,1,1795.25,0,UPI,New,5,1795.25
100305,2023-08-06,West,Clothing,T-Shirt,5,1349.51,10,Cash on Delivery,Loyal,3,6072.8
101892,2023-08-07,North,Books,Cookbook,3,489.97,0,Debit Card,New,5,1469.91
101736,2023-08-08,South,Sports,Yoga Mat,1,2634.27,10,Net Banking,Returning,5,2370.84
100970,2023-08-08,North,Home & Kitchen,Vacuum Cleaner,2,2507.12,0,Cash on Delivery,New,4,5014.24
100372,2023-08-08,Central,Clothing,T-Shirt,3,1255.84,15,Net Banking,Returning,3,3202.39
100702,2023-08-09,East,Beauty,Perfume,1,738.92,15,Cash on Delivery,Returning,4,628.08
100310,2023-08-11,East,Beauty,Sunscreen,4,850.88,0,UPI,Loyal,5,3403.52
101185,2023-08-11,South,Sports,Yoga Mat,2,2614.96,20,Cash on Delivery,Loyal,4,4183.94
100129,2023-08-12,Central,Home & Kitchen,Cookware Set,3,3423.87,5,Net Banking,Returning,4,9758.03
100017,2023-08-13,North,Home & Kitchen,Cookware Set,5,3820.47,0,Cash on Delivery,New,4,19102.35
101479,2023-08-13,West,Home & Kitchen,Cookware Set,4,3321.38,10,Debit Card,Loyal,1,11956.97
100578,2023-08-14,Central,Clothing,Shoes,2,1188.87,0,Credit Card,New,5,2377.74
100103,2023-08-14,Central,Sports,Yoga Mat,4,2663.35,0,UPI,Loyal,5,10653.4
101426,2023-08-16,North,Books,Biography,2,493.56,0,Cash on Delivery,Returning,4,987.12
101802,2023-08-16,West,Clothing,T-Shirt,1,1013.67,0,Cash on Delivery,New,5,1013.67
101858,2023-08-16,East,Home & Kitchen,Vacuum Cleaner,2,4789.2,10,Debit Card,Returning,5,8620.56
101744,2023-08-16,West,Beauty,Lipstick,2,614.36,0,Cash on Delivery,Loyal,4,1228.72
100405,2023-08-17,North,Sports,Cricket Bat,5,1482.47,5,Credit Card,Returning,5,7041.73
100732,2023-08-17,South,Electronics,Headphones,5,13145.25,15,UPI,Loyal,4,55867.31
101122,2023-08-19,North,Books,Biography,2,435.31,20,UPI,Returning,5,696.5
101087,2023-08-21,North,Beauty,Perfume,5,617.76,0,UPI,Returning,5,3088.8
100882,2023-08-21,West,Home & Kitchen,Vacuum Cleaner,5,3629.13,0,Credit Card,Loyal,4,18145.65
101428,2023-08-22,Central,Beauty,Sunscreen,2,477.93,0,Net Banking,Returning,5,955.86
100390,2023-08-22,North,Electronics,Tablet,4,14670.08,0,Credit Card,Loyal,5,58680.32
100049,2023-08-23,East,Clothing,Dress,1,1571.05,0,Net Banking,New,4,1571.05
101275,2023-08-23,East,Home & Kitchen,Mixer Grinder,1,3428.56,15,Debit Card,Loyal,4,2914.28
101180,2023-08-24,West,Books,Self-Help Book,4,450.94,15,UPI,New,5,1533.2
101307,2023-08-24,Central,Sports,Yoga Mat,2,2405.0,0,UPI,Returning,5,4810.0
101890,2023-08-24,East,Beauty,Lipstick,5,711.78,10,Net Banking,New,4,3203.01
100431,2023-08-25,South,Home & Kitchen,Vacuum Cleaner,1,3326.54,0,Cash on Delivery,Loyal,5,3326.54
100408,2023-08-25,North,Electronics,Headphones,4,15057.02,0,UPI,Returning,5,60228.08
101894,2023-08-29,West,Sports,Football,4,1566.26,5,Credit Card,Returning,5,5951.79
100291,2023-08-29,South,Books,Self-Help Book,2,368.37,0,Debit Card,Returning,4,736.74
100611,2023-08-29,East,Electronics,Smartphone,2,10617.93,0,UPI,Loyal,4,21235.86
101869,2023-08-31,East,Home & Kitchen,Cookware Set,5,4224.79,15,Net Banking,Returning,4,17955.36
100934,2023-08-31,East,Home & Kitchen,Vacuum Cleaner,2,5210.58,15,UPI,Returning,4,8857.99
100928,2023-09-01,West,Electronics,Laptop,1,22272.35,10,UPI,Loyal,1,20045.11
100810,2023-09-01,East,Electronics,Tablet,3,16989.09,0,Net Banking,Loyal,3,50967.27
101748,2023-09-01,East,Electronics,Smartphone,1,21433.02,0,Credit Card,New,5,21433.02
101673,2023-09-02,East,Beauty,Lipstick,2,444.59,0,Cash on Delivery,Loyal,3,889.18
101453,2023-09-03,East,Electronics,Smartwatch,1,21782.81,15,Net Banking,Returning,4,18515.39
100971,2023-09-03,South,Beauty,Sunscreen,1,680.42,15,UPI,Loyal,4,578.36
101412,2023-09-03,North,Sports,Running Shoes,1,2298.27,5,UPI,Returning,2,2183.36
100030,2023-09-03,Central,Clothing,Jeans,3,1085.96,0,Credit Card,Returning,3,3257.88
101551,2023-09-04,Central,Books,Comics,2,362.28,5,Net Banking,Returning,5,688.33
100821,2023-09-04,West,Beauty,Sunscreen,2,632.51,0,Credit Card,Returning,4,1265.02
100428,2023-09-06,Central,Sports,Yoga Mat,3,1323.42,10,Cash on Delivery,Returning,4,3573.23
100116,2023-09-07,Central,Electronics,Headphones,2,15561.15,10,Cash on Delivery,Loyal,4,28010.07
100462,2023-09-08,West,Home & Kitchen,Bedsheet,1,3998.71,0,Debit Card,Returning,4,3998.71
101595,2023-09-08,East,Clothing,T-Shirt,1,1697.48,10,Net Banking,Returning,5,1527.73
101287,2023-09-10,North,Sports,Running Shoes,2,1523.03,10,Net Banking,Loyal,5,2741.45
101244,2023-09-10,East,Home & Kitchen,Air Fryer,5,4497.77,0,Cash on Delivery,New,4,22488.85
100070,2023-09-10,West,Beauty,Perfume,4,597.08,10,UPI,New,5,2149.49
100774,2023-09-10,North,Home & Kitchen,Bedsheet,2,4787.72,5,Debit Card,New,5,9096.67
100574,2023-09-11,West,Electronics,Tablet,5,18284.2,10,Net Banking,Returning,5,82278.9
100321,2023-09-13,East,Home & Kitchen,Bedsheet,3,3363.75,0,Debit Card,Loyal,4,10091.25
101685,2023-09-13,East,Books,Fiction Novel,3,459.36,15,Debit Card,New,4,1171.37
101831,2023-09-14,West,Electronics,Smartphone,5,19085.41,0,Net Banking,Returning,5,95427.05
101317,2023-09-14,North,Books,Self-Help Book,1,450.67,10,Credit Card,Returning,5,405.6
100637,2023-09-16,West,Electronics,Laptop,1,11741.7,15,Cash on Delivery,Returning,5,9980.44
101874,2023-09-16,East,Clothing,Jacket,4,1499.25,0,Credit Card,Returning,4,5997.0
101437,2023-09-16,East,Beauty,Lipstick,3,733.77,15,Net Banking,Returning,4,1871.11
100285,2023-09-17,East,Home & Kitchen,Vacuum Cleaner,4,4065.71,0,UPI,Returning,4,16262.84
101223,2023-09-17,West,Books,Fiction Novel,4,487.23,0,UPI,Returning,5,1948.92
101376,2023-09-17,South,Beauty,Face Cream,3,846.19,10,Debit Card,New,5,2284.71
101139,2023-09-17,North,Beauty,Shampoo,2,558.23,15,Net Banking,Returning,5,948.99
101386,2023-09-19,South,Electronics,Smartwatch,1,20387.82,10,Credit Card,Returning,5,18349.04
101356,2023-09-20,North,Clothing,Shoes,2,1294.11,10,UPI,Loyal,4,2329.4
101746,2023-09-21,East,Clothing,Jacket,1,1219.48,0,Net Banking,New,4,1219.48
100931,2023-09-22,East,Beauty,Perfume,3,826.7,0,Net Banking,Loyal,4,2480.1
100191,2023-09-23,North,Clothing,T-Shirt,5,1667.53,5,Net Banking,Returning,5,7920.77
100560,2023-09-24,South,Books,Cookbook,2,577.65,0,Credit Card,Loyal,3,1155.3
100743,2023-09-25,South,Clothing,Jacket,4,972.86,5,Debit Card,New,4,3696.87
100613,2023-09-25,Central,Clothing,T-Shirt,1,1561.73,0,UPI,New,4,1561.73
100247,2023-09-27,South,Beauty,Face Cream,3,886.93,10,Cash on Delivery,New,5,2394.71
101165,2023-09-28,West,Home & Kitchen,Vacuum Cleaner,3,2949.52,15,Cash on Delivery,New,5,7521.28
100808,2023-09-28,South,Home & Kitchen,Cookware Set,2,2681.67,0,Net Banking,New,4,5363.34
100626,2023-09-28,East,Electronics,Tablet,3,20936.35,5,UPI,New,5,59668.6
101518,2023-09-29,East,Home & Kitchen,Vacuum Cleaner,3,4279.97,5,UPI,Loyal,4,12197.91
101105,2023-09-29,East,Books,Biography,3,432.23,10,Debit Card,Returning,5,1167.02
100990,2023-09-30,South,Sports,Dumbbells,2,1980.48,0,Net Banking,Loyal,4,3960.96
100913,2023-10-01,Central,Books,Cookbook,1,289.23,0,Net Banking,New,5,289.23
100113,2023-10-02,Central,Sports,Yoga Mat,3,2645.42,10,Credit Card,Returning,3,7142.63
101408,2023-10-02,South,Books,Cookbook,5,307.35,0,Cash on Delivery,Loyal,2,1536.75
101474,2023-10-02,Central,Books,Biography,1,315.71,0,Net Banking,Returning,2,315.71
100975,2023-10-02,East,Books,Biography,3,457.33,5,Net Banking,New,4,1303.39
101316,2023-10-02,West,Books,Self-Help Book,4,486.21,10,UPI,Loyal,4,1750.36
100379,2023-10-03,West,Home & Kitchen,Bedsheet,3,4708.66,15,Net Banking,Returning,4,12007.08
101796,2023-10-03,North,Beauty,Face Cream,5,519.45,0,UPI,New,5,2597.25
100655,2023-10-03,North,Home & Kitchen,Bedsheet,3,4584.61,0,UPI,New,4,13753.83
101321,2023-10-03,West,Sports,Cricket Bat,5,2513.97,15,Cash on Delivery,Returning,3,10684.37
100962,2023-10-04,South,Sports,Football,4,2371.73,15,Net Banking,Returning,5,8063.88
101082,2023-10-04,East,Electronics,Tablet,5,15137.32,0,Credit Card,New,4,75686.6
100242,2023-10-04,West,Clothing,T-Shirt,5,1243.31,15,UPI,Returning,5,5284.07
100266,2023-10-04,East,Clothing,Dress,3,914.51,5,Debit Card,Returning,3,2606.35
101665,2023-10-04,Central,Beauty,Perfume,4,627.7,0,Credit Card,Loyal,4,2510.8
101722,2023-10-04,North,Electronics,Headphones,4,21985.02,15,Cash on Delivery,Returning,4,74749.07
100762,2023-10-04,North,Sports,Dumbbells,5,1836.04,10,Debit Card,Loyal,5,8262.18
101647,2023-10-05,Central,Home & Kitchen,Vacuum Cleaner,5,3996.35,10,Debit Card,New,5,17983.58
100661,2023-10-05,East,Clothing,T-Shirt,5,1280.36,0,UPI,New,4,6401.8
101373,2023-10-05,West,Sports,Cricket Bat,4,2171.13,0,UPI,New,5,8684.52
100787,2023-10-06,East,Books,Fiction Novel,5,305.13,0,Cash on Delivery,New,5,1525.65
100792,2023-10-06,North,Beauty,Perfume,1,638.46,5,Debit Card,Loyal,5,606.54
101527,2023-10-06,East,Home & Kitchen,Mixer Grinder,5,2493.7,0,Debit Card,Loyal,4,12468.5
101290,2023-10-06,East,Clothing,Jeans,3,1221.05,0,UPI,Returning,3,3663.15
101630,2023-10-06,South,Beauty,Lipstick,2,822.08,0,Cash on Delivery,Loyal,4,1644.16
100243,2023-10-06,North,Books,Biography,3,550.0,0,Credit Card,New,5,1650.0
100695,2023-10-07,South,Beauty,Sunscreen,5,612.47,0,Net Banking,New,4,3062.35
100693,2023-10-07,South,Home & Kitchen,Mixer Grinder,2,4808.14,0,Cash on Delivery,Returning,1,9616.28
101118,2023-10-07,West,Books,Biography,5,323.14,15,Debit Card,Returning,4,1373.34
101224,2023-10-08,South,Home & Kitchen,Air Fryer,4,2747.89,5,Debit Card,Returning,4,10441.98
101697,2023-10-09,West,Books,Biography,1,597.67,20,Cash on Delivery,New,3,478.14
101754,2023-10-09,South,Clothing,Jacket,2,1326.0,0,Net Banking,Loyal,4,2652.0
100555,2023-10-09,Central,Sports,Dumbbells,2,1291.8,0,Net Banking,Returning,5,2583.6
101591,2023-10-10,Central,Electronics,Headphones,5,21236.57,15,UPI,Returning,3,90255.42
100478,2023-10-10,North,Clothing,Dress,4,1683.62,5,UPI,Returning,4,6397.76
101135,2023-10-10,West,Electronics,Laptop,1,14131.11,0,Debit Card,Loyal,5,14131.11
100088,2023-10-10,Central,Sports,Yoga Mat,2,1753.23,0,Debit Card,Loyal,3,3506.46
101273,2023-10-10,East,Sports,Cricket Bat,5,2119.16,10,Debit Card,New,4,9536.22
101516,2023-10-10,Central,Sports,Running Shoes,3,1390.89,5,Cash on Delivery,Returning,5,3964.04
101558,2023-10-11,South,Electronics,Laptop,1,17895.5,0,UPI,Returning,4,17895.5
101716,2023-10-11,North,Electronics,Headphones,3,20449.58,10,Net Banking,Returning,4,55213.87
101324,2023-10-12,West,Home & Kitchen,Air Fryer,3,3290.54,10,Cash on Delivery,New,3,8884.46
100457,2023-10-12,West,Books,Biography,4,460.45,5,Debit Card,Returning,5,1749.71
100748,2023-10-13,North,Beauty,Shampoo,5,439.99,15,Net Banking,Returning,4,1869.96
101189,2023-10-13,West,Sports,Football,2,1942.44,0,Debit Card,Loyal,4,3884.88
100983,2023-10-13,West,Sports,Dumbbells,3,1841.49,0,Debit Card,New,3,5524.47
100249,2023-10-13,North,Electronics,Smartwatch,1,20394.42,0,Credit Card,New,5,20394.42
100744,2023-10-14,Central,Electronics,Laptop,4,18632.18,0,UPI,Returning,5,74528.72
101808,2023-10-14,South,Sports,Football,4,2317.6,5,Credit Card,Returning,3,8806.88
100107,2023-10-14,East,Clothing,Dress,5,1478.44,0,Net Banking,Loyal,4,7392.2
100809,2023-10-14,West,Clothing,Jeans,1,1677.27,0,Credit Card,Returning,4,1677.27
101315,2023-10-14,East,Clothing,T-Shirt,3,1521.74,0,Net Banking,Returning,5,4565.22
100009,2023-10-16,East,Books,Self-Help Book,2,317.08,15,Cash on Delivery,Returning,2,539.04
100568,2023-10-16,Central,Clothing,Jeans,1,1217.53,10,UPI,Returning,4,1095.78
101246,2023-10-16,West,Home & Kitchen,Bedsheet,4,4044.63,15,Cash on Delivery,Returning,5,13751.74
100339,2023-10-16,Central,Sports,Yoga Mat,5,1405.98,0,Debit Card,Loyal,5,7029.9
100082,2023-10-18,Central,Books,Comics,3,492.86,5,Cash on Delivery,Returning,4,1404.65
100544,2023-10-19,South,Books,Fiction Novel,4,288.11,10,Credit Card,Loyal,5,1037.2
100722,2023-10-20,South,Clothing,Jacket,1,901.06,5,Debit Card,New,2,856.01
101150,2023-10-20,East,Home & Kitchen,Vacuum Cleaner,4,4075.74,10,Debit Card,Returning,1,14672.66
101847,2023-10-21,North,Beauty,Perfume,1,470.71,20,Net Banking,Loyal,2,376.57
100224,2023-10-22,South,Home & Kitchen,Mixer Grinder,1,2469.68,0,Cash on Delivery,New,4,2469.68
100750,2023-10-22,South,Sports,Running Shoes,3,1559.22,10,Debit Card,New,5,4209.89
100154,2023-10-22,South,Home & Kitchen,Vacuum Cleaner,2,5004.62,0,Net Banking,Returning,5,10009.24
100591,2023-10-23,East,Home & Kitchen,Air Fryer,2,2479.44,10,Credit Card,Returning,5,4462.99
101198,2023-10-23,North,Electronics,Headphones,5,13468.22,10,Credit Card,New,4,60606.99
101540,2023-10-23,Central,Sports,Running Shoes,5,2024.85,15,UPI,Loyal,5,8605.61
100867,2023-10-23,Central,Clothing,Jacket,1,1736.33,5,Cash on Delivery,Loyal,4,1649.51
100589,2023-10-24,Central,Books,Self-Help Book,2,361.52,0,UPI,Returning,3,723.04
101120,2023-10-24,West,Home & Kitchen,Bedsheet,2,4047.93,5,Debit Card,New,4,7691.07
100924,2023-10-25,Central,Clothing,Shoes,2,933.71,15,Credit Card,New,4,1587.31
100532,2023-10-25,East,Home & Kitchen,Air Fryer,3,2451.67,0,Credit Card,New,4,7355.01
101414,2023-10-26,West,Books,Self-Help Book,1,539.41,5,Credit Card,Returning,5,512.44
100468,2023-10-26,Central,Sports,Cricket Bat,4,2198.74,15,UPI,Returning,4,7475.72
100798,2023-10-26,Central,Sports,Running Shoes,4,2418.3,0,Debit Card,Returning,3,9673.2
101390,2023-10-26,South,Electronics,Smartphone,2,14900.01,20,Net Banking,Loyal,5,23840.02
101843,2023-10-27,South,Home & Kitchen,Air Fryer,5,3711.74,10,Cash on Delivery,Returning,4,16702.83
100374,2023-10-27,East,Electronics,Laptop,2,12103.81,5,Debit Card,Loyal,4,22997.24
100618,2023-10-27,South,Electronics,Headphones,2,21025.53,5,Credit Card,New,5,39948.51
100171,2023-10-27,West,Home & Kitchen,Cookware Set,4,5125.47,0,UPI,New,5,20501.88
100650,2023-10-27,East,Electronics,Laptop,5,12223.46,10,Cash on Delivery,Loyal,3,55005.57
101101,2023-10-28,South,Books,Fiction Novel,4,463.41,15,Credit Card,Returning,3,1575.59
101763,2023-10-28,West,Sports,Cricket Bat,1,2238.73,10,Credit Card,New,3,2014.86
101260,2023-10-28,East,Home & Kitchen,Bedsheet,3,3972.64,10,UPI,Returning,4,10726.13
101064,2023-10-28,West,Books,Comics,5,395.25,5,Credit Card,New,5,1877.44
101359,2023-10-28,North,Clothing,Jacket,1,1417.31,20,Debit Card,Loyal,3,1133.85
101271,2023-10-29,East,Electronics,Tablet,4,19257.27,0,Debit Card,Returning,3,77029.08
101371,2023-10-29,Central,Electronics,Laptop,4,11733.99,0,Credit Card,New,5,46935.96
100454,2023-10-30,Central,Beauty,Sunscreen,1,827.73,0,Credit Card,Loyal,3,827.73
101025,2023-10-30,South,Books,Fiction Novel,5,587.49,15,UPI,Returning,5,2496.83
100498,2023-10-30,East,Clothing,Jeans,4,1511.37,0,Net Banking,Returning,5,6045.48
100441,2023-10-31,South,Sports,Dumbbells,5,2075.35,0,Debit Card,New,5,10376.75
100252,2023-10-31,West,Books,Cookbook,4,316.78,0,Net Banking,New,5,1267.12
100166,2023-10-31,Central,Electronics,Laptop,4,12411.45,10,Credit Card,Loyal,5,44681.22
101072,2023-10-31,East,Books,Cookbook,4,390.7,0,Cash on Delivery,New,2,1562.8
100063,2023-11-02,West,Electronics,Smartwatch,5,11560.9,10,Credit Card,New,1,52024.05
100768,2023-11-02,Central,Books,Biography,2,569.32,0,UPI,Returning,4,1138.64
101049,2023-11-02,North,Home & Kitchen,Vacuum Cleaner,5,2835.74,0,Net Banking,Returning,5,14178.7
100064,2023-11-02,South,Clothing,Jacket,3,1707.99,0,Credit Card,Loyal,4,5123.97
101483,2023-11-03,South,Electronics,Smartwatch,3,18717.54,0,Debit Card,Loyal,5,56152.62
101463,2023-11-04,West,Clothing,Jacket,2,1304.63,10,Net Banking,New,4,2348.33
101727,2023-11-04,West,Sports,Yoga Mat,5,1523.71,10,Credit Card,Returning,2,6856.7
101498,2023-11-04,West,Clothing,Jacket,5,1544.34,0,Credit Card,Loyal,5,7721.7
100752,2023-11-04,East,Electronics,Laptop,1,20081.81,0,UPI,Returning,5,20081.81
100707,2023-11-04,Central,Electronics,Smartphone,4,12833.56,5,Debit Card,Returning,1,48767.53
100926,2023-11-05,East,Beauty,Sunscreen,4,443.59,0,Debit Card,Returning,1,1774.36
100092,2023-11-05,North,Clothing,Dress,1,844.45,0,Cash on Delivery,Returning,5,844.45
101131,2023-11-06,South,Home & Kitchen,Mixer Grinder,5,3172.84,0,Net Banking,Returning,5,15864.2
100610,2023-11-06,East,Sports,Cricket Bat,5,2495.99,15,UPI,Returning,3,10607.96
100400,2023-11-06,West,Sports,Cricket Bat,5,2212.8,0,Cash on Delivery,New,5,11064.0
100705,2023-11-06,West,Clothing,T-Shirt,3,1176.18,0,Debit Card,Returning,5,3528.54
100124,2023-11-06,Central,Home & Kitchen,Bedsheet,2,2581.45,0,Credit Card,New,5,5162.9
100119,2023-11-07,East,Clothing,Jeans,3,1679.71,5,UPI,New,1,4787.17
100935,2023-11-07,North,Home & Kitchen,Cookware Set,4,2615.83,0,Credit Card,Returning,3,10463.32
100893,2023-11-07,East,Books,Self-Help Book,4,334.85,0,UPI,Loyal,5,1339.4
101812,2023-11-08,North,Home & Kitchen,Bedsheet,2,2681.65,5,UPI,New,5,5095.14
100336,2023-11-09,Central,Beauty,Lipstick,2,819.76,15,Debit Card,New,3,1393.59
100288,2023-11-09,North,Beauty,Face Cream,2,701.22,10,Cash on Delivery,Returning,4,1262.2
100432,2023-11-09,East,Beauty,Perfume,2,440.67,10,Cash on Delivery,Returning,5,793.21
100159,2023-11-09,West,Sports,Cricket Bat,3,2320.42,10,Net Banking,Loyal,5,6265.13
101391,2023-11-11,North,Clothing,Shoes,4,1409.86,0,UPI,Returning,3,5639.44
101769,2023-11-12,South,Books,Self-Help Book,3,384.25,0,Cash on Delivery,New,5,1152.75
100189,2023-11-12,Central,Sports,Football,4,2600.06,0,Debit Card,Returning,5,10400.24
100866,2023-11-12,South,Books,Cookbook,2,325.49,10,UPI,Returning,5,585.88
101861,2023-11-13,East,Home & Kitchen,Air Fryer,3,3975.13,5,Debit Card,Returning,3,11329.12
100147,2023-11-13,East,Home & Kitchen,Mixer Grinder,1,2595.52,5,Debit Card,Loyal,5,2465.74
100114,2023-11-14,East,Books,Fiction Novel,5,501.53,15,Credit Card,Loyal,5,2131.5
100994,2023-11-14,South,Books,Comics,5,535.45,10,Credit Card,Returning,5,2409.52
101441,2023-11-14,East,Electronics,Headphones,1,16711.78,0,Cash on Delivery,Returning,4,16711.78
101489,2023-11-14,South,Home & Kitchen,Cookware Set,1,3792.97,15,Credit Card,New,5,3224.02
100156,2023-11-14,West,Books,Fiction Novel,4,469.74,0,UPI,Returning,4,1878.96
100927,2023-11-14,Central,Home & Kitchen,Bedsheet,5,4104.44,15,Cash on Delivery,Loyal,5,17443.87
100148,2023-11-14,West,Beauty,Lipstick,3,849.51,5,Debit Card,Loyal,4,2421.1
100512,2023-11-14,North,Sports,Cricket Bat,4,2551.67,15,Credit Card,Returning,5,8675.68
100723,2023-11-14,North,Books,Cookbook,3,293.15,0,Cash on Delivery,Returning,5,879.45
100720,2023-11-14,Central,Clothing,T-Shirt,2,1013.64,10,Debit Card,Loyal,4,1824.55
101011,2023-11-15,West,Books,Comics,5,592.87,0,Debit Card,New,2,2964.35
100765,2023-11-16,North,Electronics,Laptop,5,17278.1,0,Credit Card,Returning,5,86390.5
100078,2023-11-16,Central,Beauty,Lipstick,4,573.91,5,Debit Card,Returning,4,2180.86
101102,2023-11-17,North,Beauty,Shampoo,2,744.39,5,Debit Card,Returning,4,1414.34
100316,2023-11-18,East,Beauty,Sunscreen,3,434.0,5,Net Banking,New,5,1236.9
100492,2023-11-19,South,Beauty,Sunscreen,5,501.36,0,Debit Card,Loyal,5,2506.8
101620,2023-11-19,Central,Sports,Running Shoes,5,1705.26,0,Credit Card,Returning,4,8526.3
100733,2023-11-20,South,Beauty,Face Cream,1,884.32,0,Credit Card,New,4,884.32
101512,2023-11-20,East,Clothing,Jeans,5,1375.95,15,Debit Card,Loyal,2,5847.79
101510,2023-11-20,South,Beauty,Sunscreen,2,684.84,10,Cash on Delivery,New,5,1232.71
100077,2023-11-22,South,Beauty,Shampoo,3,515.76,10,Cash on Delivery,New,5,1392.55
100465,2023-11-22,Central,Home & Kitchen,Mixer Grinder,3,4517.82,10,Cash on Delivery,Returning,5,12198.11
101713,2023-11-22,North,Sports,Football,1,1719.5,15,Cash on Delivery,New,2,1461.58
100696,2023-11-24,South,Electronics,Tablet,2,14839.29,5,Cash on Delivery,New,3,28194.65
100170,2023-11-24,South,Beauty,Shampoo,5,810.61,0,Net Banking,Returning,4,4053.05
101322,2023-11-25,Central,Electronics,Smartphone,4,22403.96,0,UPI,Returning,5,89615.84
101094,2023-11-26,South,Books,Comics,2,387.78,5,Debit Card,New,3,736.78
100440,2023-11-27,North,Home & Kitchen,Cookware Set,3,2530.23,5,Credit Card,Loyal,4,7211.16
101098,2023-11-27,East,Beauty,Sunscreen,4,548.19,5,Credit Card,Returning,3,2083.12
101608,2023-11-27,Central,Home & Kitchen,Cookware Set,1,2670.45,10,Cash on Delivery,New,5,2403.4
100980,2023-11-28,East,Electronics,Smartwatch,1,20440.54,0,Credit Card,Returning,5,20440.54
100127,2023-11-28,South,Electronics,Smartphone,5,19322.55,0,Cash on Delivery,Returning,4,96612.75
100782,2023-11-28,South,Sports,Cricket Bat,5,2211.08,5,Cash on Delivery,New,4,10502.63
101524,2023-11-28,North,Home & Kitchen,Bedsheet,4,4824.19,10,Debit Card,New,3,17367.08
101088,2023-11-29,East,Clothing,Shoes,4,1396.77,15,UPI,Returning,4,4749.02
101110,2023-11-29,Central,Home & Kitchen,Air Fryer,2,3897.14,0,Debit Card,New,4,7794.28
100888,2023-11-29,West,Electronics,Headphones,5,12064.22,10,Cash on Delivery,Returning,5,54288.99
100488,2023-11-30,Central,Books,Fiction Novel,2,339.29,5,Net Banking,Returning,4,644.65
101760,2023-12-02,South,Home & Kitchen,Mixer Grinder,2,3733.94,0,UPI,Returning,3,7467.88
100040,2023-12-02,South,Electronics,Smartwatch,3,20111.39,10,UPI,Returning,4,54300.75
100868,2023-12-02,Central,Books,Self-Help Book,3,512.63,5,Cash on Delivery,New,5,1461.0
100130,2023-12-02,West,Electronics,Headphones,3,12424.8,0,Net Banking,Returning,5,37274.4
100623,2023-12-04,East,Electronics,Headphones,3,18302.25,20,Credit Card,Loyal,4,43925.4
101369,2023-12-04,North,Beauty,Lipstick,1,653.04,0,Credit Card,New,5,653.04
101603,2023-12-05,North,Home & Kitchen,Bedsheet,2,3370.73,15,Debit Card,New,5,5730.24
100557,2023-12-05,South,Sports,Running Shoes,5,2552.25,0,Cash on Delivery,Loyal,5,12761.25
100572,2023-12-05,Central,Home & Kitchen,Cookware Set,3,2736.63,10,Debit Card,New,5,7388.9
101204,2023-12-06,North,Clothing,Shoes,3,857.72,15,Credit Card,Returning,4,2187.19
100671,2023-12-07,Central,Sports,Running Shoes,4,2245.59,5,Debit Card,Returning,3,8533.24
100938,2023-12-07,North,Clothing,Jacket,4,959.92,0,Debit Card,Loyal,5,3839.68
101281,2023-12-07,East,Books,Self-Help Book,1,581.41,5,Debit Card,New,4,552.34
100450,2023-12-07,West,Clothing,Jeans,4,878.53,15,Cash on Delivery,New,5,2987.0
101039,2023-12-08,East,Beauty,Shampoo,5,533.75,5,Net Banking,Returning,3,2535.31
100670,2023-12-09,North,Clothing,T-Shirt,3,1734.98,10,Net Banking,Returning,5,4684.45
100274,2023-12-09,East,Home & Kitchen,Cookware Set,2,3176.14,0,Credit Card,Returning,5,6352.28
100261,2023-12-09,Central,Electronics,Smartwatch,2,13580.33,10,Credit Card,Returning,4,24444.59
101711,2023-12-09,North,Beauty,Perfume,1,435.9,0,Net Banking,New,5,435.9
101006,2023-12-09,South,Beauty,Sunscreen,5,574.89,10,Net Banking,New,4,2587.0
101737,2023-12-10,North,Sports,Yoga Mat,1,1331.44,5,Debit Card,Loyal,4,1264.87
101573,2023-12-11,North,Clothing,Jeans,2,1695.69,5,Net Banking,Loyal,5,3221.81
100021,2023-12-12,North,Sports,Dumbbells,1,1608.27,0,Cash on Delivery,Returning,5,1608.27
101040,2023-12-13,West,Sports,Dumbbells,5,2369.97,0,Cash on Delivery,Returning,5,11849.85
100370,2023-12-14,West,Clothing,Shoes,1,1397.77,5,Debit Card,Loyal,5,1327.88
101123,2023-12-14,North,Home & Kitchen,Vacuum Cleaner,1,4083.62,15,Net Banking,Loyal,5,3471.08
101788,2023-12-15,West,Beauty,Sunscreen,1,437.87,0,UPI,New,4,437.87
100760,2023-12-15,South,Beauty,Shampoo,4,713.15,0,Cash on Delivery,New,5,2852.6
100786,2023-12-15,East,Books,Biography,4,359.59,0,Credit Card,New,3,1438.36
101497,2023-12-15,East,Books,Fiction Novel,2,331.43,10,UPI,Returning,4,596.57
100019,2023-12-15,East,Sports,Dumbbells,3,1577.15,10,UPI,Returning,2,4258.31
101404,2023-12-16,South,Books,Comics,5,378.04,5,Cash on Delivery,Returning,4,1795.69
101014,2023-12-16,East,Clothing,Jacket,3,1676.68,5,Cash on Delivery,New,5,4778.54
100075,2023-12-16,North,Home & Kitchen,Vacuum Cleaner,5,5200.66,0,Debit Card,Returning,5,26003.3
101208,2023-12-16,Central,Sports,Running Shoes,4,1551.55,20,Net Banking,Loyal,5,4964.96
101822,2023-12-16,West,Beauty,Shampoo,2,700.09,0,Cash on Delivery,New,5,1400.18
100665,2023-12-17,South,Electronics,Headphones,2,11743.64,10,UPI,Returning,1,21138.55
101755,2023-12-17,South,Beauty,Shampoo,5,490.19,15,UPI,New,2,2083.31
101023,2023-12-17,East,Clothing,Jeans,1,1607.69,5,Credit Card,Returning,5,1527.31
100801,2023-12-17,West,Clothing,T-Shirt,3,1441.05,15,Net Banking,New,4,3674.68
100164,2023-12-18,Central,Beauty,Perfume,1,822.3,15,Debit Card,New,3,698.96
101381,2023-12-19,East,Sports,Cricket Bat,2,2402.25,0,Credit Card,Returning,5,4804.5
100979,2023-12-19,West,Clothing,Jacket,4,1338.18,10,UPI,New,5,4817.45
101029,2023-12-19,West,Books,Biography,3,489.96,0,Credit Card,Returning,4,1469.88
100152,2023-12-19,West,Electronics,Tablet,2,19412.48,5,Cash on Delivery,Returning,5,36883.71
100878,2023-12-19,Central,Home & Kitchen,Vacuum Cleaner,2,3517.21,5,Debit Card,Returning,5,6682.7
100246,2023-12-20,West,Books,Cookbook,3,592.58,0,Cash on Delivery,New,4,1777.74
100763,2023-12-20,Central,Clothing,Dress,1,942.29,10,Credit Card,New,5,848.06
100184,2023-12-20,West,Beauty,Shampoo,2,879.66,0,Credit Card,New,4,1759.32
101458,2023-12-21,Central,Sports,Football,1,2048.03,5,Credit Card,Loyal,5,1945.63
101468,2023-12-21,South,Electronics,Smartphone,4,12558.16,5,Cash on Delivery,New,5,47721.01
101154,2023-12-21,West,Books,Fiction Novel,2,379.25,5,Cash on Delivery,Returning,5,720.58
101852,2023-12-21,South,Sports,Running Shoes,4,1726.47,0,Cash on Delivery,New,5,6905.88
101674,2023-12-22,West,Beauty,Lipstick,3,543.18,10,Credit Card,New,2,1466.59
101337,2023-12-22,South,Clothing,Shoes,2,1304.97,0,UPI,New,5,2609.94
100577,2023-12-23,North,Sports,Cricket Bat,4,1840.37,10,Cash on Delivery,Loyal,3,6625.33
101195,2023-12-23,West,Sports,Dumbbells,2,1655.49,10,Debit Card,Returning,5,2979.88
100605,2023-12-24,West,Sports,Football,2,1900.39,5,Debit Card,Loyal,4,3610.74
101662,2023-12-24,West,Sports,Dumbbells,5,1761.05,0,Debit Card,New,4,8805.25
100887,2023-12-25,Central,Beauty,Face Cream,4,543.69,15,Debit Card,Returning,5,1848.55
101879,2023-12-25,North,Home & Kitchen,Mixer Grinder,1,4765.63,0,Credit Card,Returning,4,4765.63
100121,2023-12-25,West,Books,Fiction Novel,1,315.35,0,Debit Card,New,3,315.35
100710,2023-12-26,North,Beauty,Shampoo,5,557.41,0,Net Banking,Returning,5,2787.05
101041,2023-12-26,West,Books,Cookbook,3,385.85,0,Credit Card,New,4,1157.55
100307,2023-12-26,West,Sports,Yoga Mat,3,2426.2,15,Cash on Delivery,Returning,2,6186.81
101809,2023-12-26,West,Electronics,Headphones,5,14309.6,5,UPI,Returning,2,67970.6
101574,2023-12-27,North,Beauty,Sunscreen,4,834.95,10,Debit Card,Loyal,4,3005.82
100053,2023-12-27,North,Home & Kitchen,Bedsheet,4,5144.08,0,Credit Card,New,4,20576.32
100255,2023-12-27,North,Beauty,Face Cream,2,593.69,5,Debit Card,Loyal,3,1128.01
100256,2023-12-28,North,Electronics,Tablet,5,16284.49,0,UPI,Returning,4,81422.45
101552,2023-12-29,Central,Books,Biography,1,570.32,0,UPI,Returning,4,570.32
101564,2023-12-29,South,Home & Kitchen,Bedsheet,2,4384.67,10,Credit Card,New,2,7892.41
100686,2023-12-30,South,Sports,Dumbbells,4,2267.11,0,UPI,Loyal,4,9068.44
100991,2023-12-30,South,Beauty,Shampoo,5,670.53,0,Net Banking,Returning,2,3352.65
100118,2023-12-30,North,Sports,Running Shoes,1,2322.51,5,Net Banking,Returning,3,2206.38
100281,2023-12-31,East,Electronics,Smartwatch,5,15769.8,15,UPI,Returning,4,67021.65
100111,2023-12-31,East,Clothing,T-Shirt,2,1295.27,0,Credit Card,Returning,5,2590.54
100588,2023-12-31,West,Electronics,Smartwatch,5,14492.75,15,Net Banking,New,4,61594.19
101797,2024-01-01,East,Home & Kitchen,Cookware Set,2,5095.19,0,Net Banking,Returning,4,10190.38
100936,2024-01-01,Central,Beauty,Sunscreen,3,742.81,10,Net Banking,Loyal,4,2005.59
100144,2024-01-01,East,Books,Fiction Novel,1,584.85,15,UPI,Returning,3,497.12
101079,2024-01-01,South,Books,Self-Help Book,3,407.52,0,Net Banking,New,4,1222.56
100473,2024-01-02,North,Clothing,T-Shirt,5,1165.73,5,UPI,Returning,5,5537.22
100698,2024-01-02,South,Clothing,Dress,3,1458.44,10,UPI,Returning,5,3937.79
101145,2024-01-03,North,Sports,Football,4,1586.74,15,Net Banking,Loyal,5,5394.92
101688,2024-01-04,West,Clothing,Jeans,3,1038.83,10,Credit Card,Loyal,5,2804.84
101270,2024-01-04,South,Books,Comics,1,582.46,0,UPI,New,5,582.46
101407,2024-01-04,North,Home & Kitchen,Mixer Grinder,3,3860.45,0,UPI,New,4,11581.35
101203,2024-01-05,North,Electronics,Headphones,5,19813.82,5,UPI,Returning,4,94115.64
101837,2024-01-05,West,Home & Kitchen,Air Fryer,4,3296.3,0,Debit Card,Returning,4,13185.2
100493,2024-01-05,West,Books,Self-Help Book,1,487.19,15,Net Banking,Returning,5,414.11
101649,2024-01-06,Central,Electronics,Smartphone,3,15126.58,15,Net Banking,Returning,2,38572.78
101421,2024-01-06,East,Electronics,Headphones,2,19554.28,10,Debit Card,Loyal,5,35197.7
100593,2024-01-07,West,Beauty,Face Cream,4,546.11,5,Credit Card,New,4,2075.22
100955,2024-01-07,Central,Electronics,Tablet,5,20909.72,0,Debit Card,Loyal,4,104548.6
100173,2024-01-08,West,Beauty,Lipstick,5,805.45,5,Debit Card,Returning,5,3825.89
100558,2024-01-08,East,Home & Kitchen,Air Fryer,3,4833.94,0,UPI,Returning,4,14501.82
100957,2024-01-08,West,Beauty,Sunscreen,1,509.05,10,Debit Card,New,3,458.15
100059,2024-01-09,North,Clothing,T-Shirt,3,1410.37,0,UPI,Loyal,5,4231.11
101785,2024-01-10,Central,Beauty,Face Cream,1,893.91,10,Net Banking,New,5,804.52
100387,2024-01-10,East,Home & Kitchen,Air Fryer,4,5140.58,5,Debit Card,Returning,3,19534.2
101081,2024-01-10,East,Home & Kitchen,Mixer Grinder,2,4858.69,10,Debit Card,Returning,3,8745.64
101775,2024-01-11,Central,Sports,Cricket Bat,5,2596.51,0,Net Banking,New,5,12982.55
101593,2024-01-11,Central,Electronics,Headphones,2,20451.44,10,UPI,Loyal,2,36812.59
100271,2024-01-11,East,Home & Kitchen,Vacuum Cleaner,5,3525.78,0,UPI,Returning,3,17628.9
100856,2024-01-12,South,Sports,Cricket Bat,1,1844.8,0,UPI,Returning,5,1844.8
101062,2024-01-12,West,Beauty,Lipstick,4,454.82,10,Net Banking,Returning,5,1637.35
100592,2024-01-13,West,Clothing,T-Shirt,1,1593.78,5,Cash on Delivery,Loyal,5,1514.09
101378,2024-01-14,West,Clothing,Jacket,4,1154.83,5,Net Banking,Returning,5,4388.35
101818,2024-01-14,West,Sports,Cricket Bat,2,1797.91,10,UPI,New,5,3236.24
100268,2024-01-15,North,Clothing,Dress,5,1459.91,0,Credit Card,Returning,3,7299.55
100123,2024-01-15,East,Beauty,Sunscreen,2,500.18,20,UPI,Returning,5,800.29
100556,2024-01-15,South,Sports,Dumbbells,3,2611.75,5,Debit Card,Loyal,4,7443.49
101447,2024-01-16,West,Electronics,Smartwatch,1,18680.11,0,Cash on Delivery,Returning,4,18680.11
101844,2024-01-16,South,Electronics,Tablet,2,11597.0,0,Credit Card,New,5,23194.0
100444,2024-01-16,Central,Books,Cookbook,4,502.02,5,Net Banking,Returning,5,1907.68
100216,2024-01-16,West,Sports,Football,3,1458.46,10,Net Banking,New,3,3937.84
100946,2024-01-16,South,Beauty,Sunscreen,4,828.37,5,Debit Card,Returning,4,3147.81
100958,2024-01-16,North,Books,Self-Help Book,3,426.34,15,UPI,Returning,5,1087.17
100206,2024-01-17,West,Beauty,Face Cream,1,880.72,5,Debit Card,Returning,3,836.68
100139,2024-01-17,West,Sports,Running Shoes,5,2569.72,15,Cash on Delivery,Returning,4,10921.31
101532,2024-01-17,North,Books,Comics,4,303.35,15,UPI,Returning,4,1031.39
101601,2024-01-18,North,Electronics,Headphones,1,10950.87,5,Cash on Delivery,Loyal,5,10403.33
100484,2024-01-18,South,Electronics,Smartphone,5,15469.69,20,Cash on Delivery,Returning,1,61878.76
101612,2024-01-19,South,Books,Comics,3,566.1,5,UPI,Loyal,5,1613.38
100675,2024-01-19,South,Books,Biography,3,568.92,10,Credit Card,Returning,3,1536.08
101801,2024-01-19,Central,Books,Comics,1,349.64,15,Cash on Delivery,New,4,297.19
100175,2024-01-20,West,Books,Self-Help Book,3,280.83,10,Net Banking,Loyal,3,758.24
100947,2024-01-20,West,Home & Kitchen,Air Fryer,3,3716.11,0,Cash on Delivery,Loyal,4,11148.33
101090,2024-01-20,South,Electronics,Headphones,3,15220.23,15,Net Banking,New,5,38811.59
100016,2024-01-21,East,Electronics,Tablet,1,22472.89,0,Debit Card,Returning,2,22472.89
101153,2024-01-21,East,Home & Kitchen,Mixer Grinder,4,3301.89,5,Net Banking,Loyal,5,12547.18
100093,2024-01-21,South,Home & Kitchen,Cookware Set,3,3716.21,0,Cash on Delivery,Loyal,3,11148.63
101739,2024-01-21,East,Beauty,Face Cream,5,715.31,5,UPI,New,5,3397.72
100559,2024-01-22,South,Books,Comics,5,318.11,0,Credit Card,Returning,5,1590.55
100350,2024-01-22,South,Beauty,Face Cream,3,670.3,0,Debit Card,Returning,3,2010.9
100521,2024-01-22,Central,Electronics,Laptop,5,12171.05,0,Credit Card,New,2,60855.25
101578,2024-01-22,South,Home & Kitchen,Vacuum Cleaner,5,4772.45,10,Cash on Delivery,New,5,21476.02
100140,2024-01-22,East,Electronics,Laptop,4,19193.07,10,UPI,New,5,69095.05
100402,2024-01-22,East,Sports,Cricket Bat,3,2476.97,10,Cash on Delivery,Returning,3,6687.82
101522,2024-01-22,South,Home & Kitchen,Mixer Grinder,3,4010.57,15,UPI,Loyal,5,10226.95
101021,2024-01-24,North,Books,Comics,4,352.28,10,Cash on Delivery,New,4,1268.21
101073,2024-01-24,South,Clothing,Dress,3,951.05,15,Debit Card,Returning,5,2425.18
101080,2024-01-24,South,Sports,Yoga Mat,4,1555.73,10,Credit Card,Returning,4,5600.63
101443,2024-01-24,North,Clothing,T-Shirt,2,1594.86,15,Credit Card,Returning,4,2711.26
100058,2024-01-25,South,Home & Kitchen,Bedsheet,1,3621.08,15,Debit Card,Returning,3,3077.92
100956,2024-01-26,North,Electronics,Headphones,4,17149.54,10,Debit Card,Returning,5,61738.34
101804,2024-01-26,South,Beauty,Shampoo,1,504.72,10,Debit Card,New,5,454.25
101151,2024-01-26,West,Clothing,Shoes,4,1162.95,10,Credit Card,Loyal,3,4186.62
101482,2024-01-27,East,Clothing,Dress,4,885.02,15,Cash on Delivery,New,4,3009.07
100340,2024-01-27,South,Beauty,Sunscreen,2,506.1,20,Net Banking,Loyal,4,809.76
101689,2024-01-27,East,Clothing,Shoes,5,1227.49,0,UPI,Loyal,3,6137.45
101499,2024-01-28,South,Electronics,Laptop,1,10587.03,20,Cash on Delivery,Returning,4,8469.62
101509,2024-01-28,West,Electronics,Smartphone,4,19916.82,15,UPI,New,5,67717.19
100667,2024-01-28,Central,Electronics,Smartphone,5,20630.23,0,Cash on Delivery,Returning,5,103151.15
100724,2024-01-29,East,Sports,Football,5,2034.89,0,UPI,Loyal,5,10174.45
100972,2024-01-30,South,Home & Kitchen,Bedsheet,5,3980.55,5,Credit Card,Returning,4,18907.61
101792,2024-01-31,South,Home & Kitchen,Bedsheet,1,5216.42,0,Net Banking,Returning,5,5216.42
100580,2024-01-31,West,Clothing,Dress,1,1228.94,0,Net Banking,Returning,5,1228.94
100730,2024-01-31,South,Home & Kitchen,Bedsheet,5,4542.26,0,Credit Card,New,3,22711.3
101790,2024-01-31,West,Electronics,Smartphone,2,22085.27,5,Credit Card,Returning,2,41962.01
101825,2024-02-01,South,Clothing,T-Shirt,4,1345.44,5,Debit Card,Returning,4,5112.67
101336,2024-02-01,South,Electronics,Laptop,3,19420.55,15,Net Banking,Returning,3,49522.4
101089,2024-02-01,North,Sports,Cricket Bat,4,1289.73,20,Debit Card,New,4,4127.14
101451,2024-02-02,West,Books,Comics,1,482.45,0,Credit Card,Returning,3,482.45
100011,2024-02-02,East,Electronics,Laptop,2,15772.04,0,Credit Card,Returning,4,31544.08
101397,2024-02-03,South,Beauty,Perfume,2,451.09,10,Debit Card,New,3,811.96
101833,2024-02-03,West,Sports,Dumbbells,4,1758.39,15,Credit Card,New,1,5978.53
101830,2024-02-03,North,Electronics,Smartwatch,2,11436.22,15,UPI,New,4,19441.57
100226,2024-02-04,South,Electronics,Tablet,4,12376.58,15,UPI,New,5,42080.37
100380,2024-02-04,Central,Books,Fiction Novel,3,287.18,0,UPI,Returning,1,861.54
100886,2024-02-04,East,Clothing,Shoes,1,1323.43,15,Cash on Delivery,Returning,4,1124.92
101707,2024-02-04,West,Electronics,Smartphone,1,21021.0,0,Cash on Delivery,Returning,5,21021.0
101157,2024-02-05,West,Sports,Yoga Mat,3,1789.9,0,Net Banking,Returning,5,5369.7
100978,2024-02-05,South,Sports,Yoga Mat,4,2193.88,0,Debit Card,Returning,1,8775.52
100018,2024-02-05,Central,Sports,Football,3,2435.66,10,Credit Card,Returning,3,6576.28
100145,2024-02-05,West,Electronics,Smartwatch,4,14652.2,10,Debit Card,Returning,4,52747.92
100083,2024-02-06,East,Books,Fiction Novel,1,354.31,15,Debit Card,Returning,5,301.16
100504,2024-02-06,South,Electronics,Tablet,5,17555.9,5,Credit Card,New,2,83390.52
100788,2024-02-06,East,Electronics,Tablet,5,11415.63,10,Cash on Delivery,Returning,3,51370.34
101234,2024-02-07,East,Clothing,Jacket,3,1488.86,20,UPI,Returning,5,3573.26
101692,2024-02-07,Central,Home & Kitchen,Air Fryer,3,4079.44,10,Credit Card,Loyal,4,11014.49
100953,2024-02-08,Central,Home & Kitchen,Bedsheet,2,3913.2,10,Net Banking,New,3,7043.76
101405,2024-02-09,East,Books,Biography,2,449.92,10,Credit Card,Loyal,4,809.86
101460,2024-02-10,South,Home & Kitchen,Air Fryer,4,3218.8,0,Cash on Delivery,Returning,4,12875.2
100110,2024-02-10,Central,Electronics,Laptop,4,16978.11,0,Cash on Delivery,New,4,67912.44
101819,2024-02-10,North,Clothing,Jacket,1,1375.67,15,Net Banking,Returning,5,1169.32
101136,2024-02-11,North,Beauty,Shampoo,4,679.97,10,Debit Card,New,4,2447.89
100427,2024-02-11,North,Clothing,Jeans,5,1139.33,0,UPI,Returning,5,5696.65
100010,2024-02-11,Central,Home & Kitchen,Air Fryer,3,4021.48,0,UPI,Loyal,4,12064.44
101528,2024-02-11,North,Books,Comics,5,332.49,0,UPI,Loyal,5,1662.45
101209,2024-02-13,South,Clothing,T-Shirt,4,1701.58,15,Net Banking,Loyal,4,5785.37
101119,2024-02-14,East,Clothing,Dress,2,999.55,0,Debit Card,Returning,5,1999.1
101127,2024-02-14,East,Sports,Football,3,1479.09,15,Cash on Delivery,Returning,5,3771.68
100015,2024-02-15,North,Beauty,Sunscreen,1,477.54,0,UPI,Returning,4,477.54
100630,2024-02-16,Central,Electronics,Smartphone,1,13908.7,20,Net Banking,New,5,11126.96
101200,2024-02-16,North,Sports,Football,4,1898.03,0,Net Banking,Loyal,4,7592.12
100134,2024-02-16,West,Beauty,Sunscreen,5,798.63,0,Cash on Delivery,New,4,3993.15
100658,2024-02-16,North,Home & Kitchen,Mixer Grinder,3,4413.2,0,Debit Card,Returning,5,13239.6
100541,2024-02-17,South,Electronics,Smartphone,1,21511.77,15,Debit Card,Loyal,5,18285.0
100344,2024-02-17,West,Electronics,Headphones,2,15889.02,10,UPI,Returning,5,28600.24
101044,2024-02-17,West,Sports,Football,4,2405.11,20,Debit Card,Returning,4,7696.35
100212,2024-02-17,West,Electronics,Tablet,2,17196.51,15,Cash on Delivery,Returning,5,29234.07
101298,2024-02-17,South,Beauty,Shampoo,3,472.31,0,Net Banking,Returning,5,1416.93
101753,2024-02-18,East,Electronics,Smartphone,3,11111.69,5,Credit Card,Returning,2,31668.32
101254,2024-02-19,North,Sports,Running Shoes,2,2226.68,20,Debit Card,New,5,3562.69
101672,2024-02-20,East,Books,Fiction Novel,1,580.55,5,UPI,New,4,551.52
100751,2024-02-20,South,Clothing,Jacket,1,1181.31,15,Debit Card,Returning,1,1004.11
101561,2024-02-21,North,Home & Kitchen,Bedsheet,1,4260.47,0,UPI,Returning,5,4260.47
101632,2024-02-21,North,Electronics,Headphones,5,11938.09,15,Cash on Delivery,Returning,4,50736.88
100407,2024-02-21,North,Sports,Cricket Bat,1,2406.25,10,Credit Card,Returning,4,2165.62
101659,2024-02-21,East,Books,Biography,4,577.93,10,Credit Card,Loyal,3,2080.55
101764,2024-02-22,West,Beauty,Sunscreen,4,551.19,0,Cash on Delivery,Loyal,3,2204.76
100043,2024-02-22,East,Electronics,Smartwatch,2,18860.85,10,Net Banking,New,4,33949.53
101486,2024-02-22,South,Home & Kitchen,Vacuum Cleaner,2,2624.79,10,Credit Card,Returning,5,4724.62
101309,2024-02-22,South,Electronics,Smartwatch,5,21871.23,5,Debit Card,Loyal,2,103888.34
100600,2024-02-23,East,Home & Kitchen,Bedsheet,4,4425.37,0,Net Banking,Returning,4,17701.48
101563,2024-02-23,East,Beauty,Perfume,4,784.71,10,Debit Card,Returning,4,2824.96
100333,2024-02-23,South,Electronics,Laptop,5,11670.17,5,Net Banking,Loyal,4,55433.31
100265,2024-02-23,East,Electronics,Tablet,2,21421.62,15,Credit Card,Returning,5,36416.75
100986,2024-02-24,North,Beauty,Sunscreen,4,541.54,0,UPI,Loyal,5,2166.16
101854,2024-02-24,East,Sports,Cricket Bat,2,2132.82,5,UPI,Loyal,4,4052.36
101675,2024-02-24,East,Beauty,Shampoo,4,435.42,10,Credit Card,Returning,3,1567.51
100085,2024-02-24,Central,Beauty,Face Cream,1,759.35,10,Credit Card,New,4,683.42
100023,2024-02-24,West,Beauty,Lipstick,1,738.48,0,Debit Card,Returning,4,738.48
101572,2024-02-25,North,Books,Comics,1,468.38,0,Net Banking,Returning,4,468.38
100849,2024-02-25,Central,Electronics,Smartphone,3,16594.77,5,Debit Card,Loyal,1,47295.09
101291,2024-02-25,North,Clothing,Dress,5,1326.95,15,Debit Card,Returning,5,5639.54
101683,2024-02-25,North,Electronics,Smartwatch,4,13037.89,5,Cash on Delivery,New,4,49543.98
100475,2024-02-26,North,Clothing,T-Shirt,2,1029.73,0,Credit Card,Returning,4,2059.46
100309,2024-02-26,East,Clothing,Shoes,2,1492.44,0,Debit Card,Returning,3,2984.88
101505,2024-02-27,East,Books,Self-Help Book,3,315.9,20,UPI,New,2,758.16
100943,2024-02-27,East,Clothing,Shoes,5,1403.65,0,Credit Card,New,4,7018.25
101523,2024-02-27,North,Electronics,Headphones,2,20641.29,10,Debit Card,Returning,2,37154.32
101302,2024-03-01,Central,Beauty,Face Cream,3,524.38,15,Debit Card,Returning,4,1337.17
100526,2024-03-01,North,Clothing,T-Shirt,3,1718.4,15,Debit Card,New,3,4381.92
101292,2024-03-02,North,Electronics,Smartwatch,2,11504.17,15,Debit Card,Returning,3,19557.09
100912,2024-03-02,South,Electronics,Smartwatch,3,19383.64,0,UPI,New,4,58150.92
100398,2024-03-03,East,Sports,Cricket Bat,3,2411.59,0,Cash on Delivery,Returning,4,7234.77
101158,2024-03-03,Central,Clothing,Dress,4,1125.64,15,Credit Card,Returning,5,3827.18
101070,2024-03-03,East,Beauty,Sunscreen,2,641.13,15,Cash on Delivery,New,4,1089.92
100366,2024-03-04,East,Home & Kitchen,Bedsheet,1,4699.91,15,Debit Card,New,5,3994.92
101680,2024-03-05,East,Sports,Football,4,1461.66,10,Debit Card,Returning,1,5261.98
101864,2024-03-05,Central,Home & Kitchen,Air Fryer,2,5015.22,20,Debit Card,Returning,4,8024.35
101569,2024-03-05,North,Beauty,Lipstick,4,467.84,5,Credit Card,New,3,1777.79
101772,2024-03-05,Central,Books,Comics,5,407.26,10,Cash on Delivery,New,2,1832.67
101542,2024-03-05,North,Electronics,Smartphone,5,21653.89,10,Credit Card,New,4,97442.5
101862,2024-03-07,East,Home & Kitchen,Mixer Grinder,2,4894.69,0,Net Banking,Loyal,2,9789.38
101176,2024-03-07,West,Electronics,Headphones,1,18836.06,10,UPI,New,5,16952.45
100429,2024-03-07,West,Books,Comics,1,567.76,20,UPI,Returning,4,454.21
100485,2024-03-08,North,Clothing,Shoes,5,1420.18,10,UPI,New,5,6390.81
100807,2024-03-08,South,Home & Kitchen,Vacuum Cleaner,1,4570.79,10,UPI,Returning,3,4113.71
101604,2024-03-08,West,Clothing,T-Shirt,3,1789.69,10,Cash on Delivery,Returning,5,4832.16
100685,2024-03-08,West,Beauty,Lipstick,4,702.3,10,Net Banking,Loyal,4,2528.28
100819,2024-03-09,South,Electronics,Smartphone,4,14015.1,0,Credit Card,New,5,56060.4
101669,2024-03-09,West,Sports,Yoga Mat,4,2134.56,0,UPI,Returning,4,8538.24
100510,2024-03-09,West,Sports,Cricket Bat,5,2227.26,10,Cash on Delivery,New,4,10022.67
101363,2024-03-09,North,Clothing,Jacket,5,1247.66,0,Credit Card,New,4,6238.3
101400,2024-03-10,South,Home & Kitchen,Bedsheet,1,3281.59,0,UPI,Returning,4,3281.59
100096,2024-03-10,East,Home & Kitchen,Bedsheet,1,2552.34,5,UPI,New,5,2424.72
101836,2024-03-10,East,Clothing,Jeans,4,1598.32,0,Net Banking,New,4,6393.28
101824,2024-03-10,South,Electronics,Tablet,2,15086.77,0,UPI,Returning,4,30173.54
100595,2024-03-11,West,Books,Self-Help Book,5,431.11,10,UPI,New,4,1940.0
100348,2024-03-11,North,Electronics,Tablet,3,13470.72,0,Net Banking,Returning,3,40412.16
100235,2024-03-11,North,Home & Kitchen,Cookware Set,3,4621.71,20,Cash on Delivery,Returning,4,11092.1
100215,2024-03-12,North,Sports,Yoga Mat,3,2472.44,5,UPI,Loyal,4,7046.45
100061,2024-03-12,Central,Books,Comics,2,551.89,0,Credit Card,New,5,1103.78
101535,2024-03-13,West,Sports,Running Shoes,5,2423.03,0,Credit Card,Returning,4,12115.15
100317,2024-03-13,East,Clothing,Jacket,1,883.11,10,Credit Card,Returning,2,794.8
100749,2024-03-13,South,Clothing,T-Shirt,1,1562.25,0,Net Banking,Returning,1,1562.25
100872,2024-03-13,Central,Beauty,Face Cream,5,575.73,0,Debit Card,Returning,5,2878.65
100388,2024-03-13,South,Home & Kitchen,Air Fryer,3,2595.57,0,Debit Card,New,5,7786.71
100515,2024-03-14,North,Beauty,Lipstick,2,536.91,0,Cash on Delivery,Loyal,5,1073.82
101002,2024-03-15,South,Beauty,Face Cream,1,887.85,10,Net Banking,Returning,4,799.06
100227,2024-03-16,Central,Sports,Football,1,2371.48,0,Debit Card,Returning,4,2371.48
100491,2024-03-16,West,Home & Kitchen,Vacuum Cleaner,1,3613.24,0,Credit Card,New,5,3613.24
101418,2024-03-16,Central,Sports,Football,4,2298.54,0,Net Banking,New,3,9194.16
101155,2024-03-17,Central,Electronics,Headphones,4,16262.84,10,Debit Card,Returning,5,58546.22
101789,2024-03-17,North,Clothing,T-Shirt,1,1536.01,0,Cash on Delivery,Loyal,4,1536.01
101496,2024-03-17,West,Clothing,T-Shirt,2,1662.81,0,Credit Card,Loyal,5,3325.62
100812,2024-03-17,North,Clothing,Dress,2,1507.59,15,UPI,Returning,4,2562.9
101656,2024-03-18,East,Electronics,Headphones,2,14759.59,15,UPI,Loyal,4,25091.3
100566,2024-03-18,South,Sports,Cricket Bat,4,2465.96,0,UPI,New,5,9863.84
100074,2024-03-18,East,Books,Comics,1,355.91,0,Cash on Delivery,Loyal,2,355.91
100915,2024-03-18,West,Books,Fiction Novel,5,452.47,0,Debit Card,Returning,4,2262.35
101761,2024-03-18,South,Beauty,Lipstick,1,478.67,5,Debit Card,Loyal,3,454.74
101696,2024-03-18,West,Books,Fiction Novel,1,598.43,0,Credit Card,New,5,598.43
101399,2024-03-19,West,Home & Kitchen,Vacuum Cleaner,4,2973.06,10,UPI,Loyal,3,10703.02
101060,2024-03-19,East,Electronics,Smartphone,3,22493.96,0,Net Banking,Returning,3,67481.88
100703,2024-03-19,North,Beauty,Shampoo,5,690.07,10,UPI,Returning,4,3105.32
100426,2024-03-20,Central,Home & Kitchen,Bedsheet,1,3222.12,0,Cash on Delivery,New,5,3222.12
101745,2024-03-20,North,Home & Kitchen,Mixer Grinder,2,4242.37,0,Credit Card,New,3,8484.74
100352,2024-03-20,South,Home & Kitchen,Vacuum Cleaner,4,4784.2,5,Debit Card,Returning,5,18179.96
100761,2024-03-21,West,Home & Kitchen,Cookware Set,5,3719.57,20,Debit Card,New,4,14878.28
101280,2024-03-21,South,Sports,Cricket Bat,1,1858.92,0,Credit Card,Returning,5,1858.92
101255,2024-03-21,West,Sports,Running Shoes,1,1531.69,5,Net Banking,Returning,4,1455.11
100615,2024-03-22,West,Electronics,Laptop,2,15854.05,5,Credit Card,Returning,3,30122.69
100794,2024-03-22,Central,Clothing,Shoes,1,895.94,15,Credit Card,Returning,5,761.55
101341,2024-03-22,North,Sports,Yoga Mat,3,1880.76,5,Credit Card,Loyal,4,5360.17
101766,2024-03-22,West,Books,Fiction Novel,3,293.24,0,Credit Card,New,4,879.72
100740,2024-03-23,East,Electronics,Smartphone,2,11900.97,0,Cash on Delivery,Loyal,4,23801.94
100188,2024-03-24,East,Home & Kitchen,Air Fryer,2,4131.66,5,UPI,Loyal,4,7850.15
100358,2024-03-25,Central,Beauty,Shampoo,2,562.46,5,Credit Card,Returning,5,1068.67
100241,2024-03-25,West,Sports,Cricket Bat,5,1626.22,15,Cash on Delivery,Returning,3,6911.44
101655,2024-03-25,East,Electronics,Smartwatch,5,20078.05,10,Net Banking,Returning,3,90351.22
100267,2024-03-26,East,Sports,Dumbbells,1,1880.62,0,Debit Card,Returning,1,1880.62
101091,2024-03-27,West,Home & Kitchen,Vacuum Cleaner,1,4715.3,10,Net Banking,Returning,5,4243.77
100585,2024-03-27,West,Beauty,Shampoo,3,754.64,0,Credit Card,Loyal,4,2263.92
100753,2024-03-27,North,Electronics,Laptop,4,12065.42,0,UPI,Returning,3,48261.68
101385,2024-03-27,North,Electronics,Laptop,4,19076.25,5,Debit Card,Returning,4,72489.75
101067,2024-03-28,North,Beauty,Perfume,3,878.89,0,Net Banking,New,5,2636.67
100038,2024-03-28,West,Clothing,Jeans,5,1294.53,0,Net Banking,Returning,5,6472.65
100652,2024-03-29,East,Books,Cookbook,2,483.18,15,UPI,Returning,5,821.41
100480,2024-03-30,Central,Electronics,Laptop,2,22151.28,0,Cash on Delivery,New,4,44302.56
100254,2024-03-30,West,Sports,Dumbbells,4,1962.24,10,Debit Card,New,4,7064.06
100699,2024-03-30,South,Clothing,Jacket,2,1320.28,5,Credit Card,New,5,2508.53
100005,2024-03-30,West,Books,Cookbook,1,362.81,10,Debit Card,Returning,3,326.53
100378,2024-03-30,Central,Beauty,Perfume,2,779.04,15,Net Banking,New,2,1324.37
100911,2024-03-30,South,Home & Kitchen,Mixer Grinder,2,3002.93,10,Debit Card,Returning,4,5405.27
101491,2024-03-31,Central,Home & Kitchen,Cookware Set,1,2963.57,15,Net Banking,Loyal,4,2519.03
101714,2024-03-31,East,Beauty,Face Cream,2,768.36,0,UPI,Returning,3,1536.72
100842,2024-03-31,West,Sports,Football,5,1440.13,0,Debit Card,New,5,7200.65
101279,2024-03-31,South,Electronics,Headphones,4,20670.89,10,Credit Card,Returning,4,74415.2
101126,2024-03-31,East,Clothing,Jacket,3,1240.16,5,Net Banking,New,4,3534.46
101342,2024-04-01,West,Books,Biography,3,314.29,0,Cash on Delivery,Loyal,5,942.87
101350,2024-04-01,East,Sports,Cricket Bat,4,1438.39,5,Debit Card,New,3,5465.88
100884,2024-04-01,South,Home & Kitchen,Mixer Grinder,3,4160.41,15,Net Banking,Returning,4,10609.05
101143,2024-04-01,Central,Beauty,Lipstick,5,680.23,10,UPI,Returning,5,3061.04
101687,2024-04-02,Central,Electronics,Tablet,5,15400.93,0,Debit Card,Returning,3,77004.65
100554,2024-04-03,South,Beauty,Shampoo,1,851.02,5,Net Banking,Returning,5,808.47
101111,2024-04-03,North,Clothing,T-Shirt,2,1380.16,20,UPI,Returning,5,2208.26
101826,2024-04-03,West,Home & Kitchen,Mixer Grinder,2,2499.25,0,Net Banking,Returning,3,4998.5
101340,2024-04-04,East,Books,Comics,3,379.12,0,Net Banking,Returning,5,1137.36
101012,2024-04-04,Central,Electronics,Smartphone,2,17210.23,5,Credit Card,Returning,4,32699.44
100025,2024-04-04,East,Home & Kitchen,Bedsheet,3,4947.73,10,Debit Card,Returning,5,13358.87
100003,2024-04-04,South,Beauty,Sunscreen,4,431.07,5,Debit Card,New,5,1638.07
101374,2024-04-04,North,Electronics,Laptop,2,19995.57,10,Debit Card,New,5,35992.03
100187,2024-04-04,West,Clothing,Shoes,4,1131.0,0,Debit Card,Returning,4,4524.0
101768,2024-04-05,West,Beauty,Lipstick,1,460.58,20,Credit Card,Returning,2,368.46
100195,2024-04-07,North,Home & Kitchen,Mixer Grinder,3,2658.96,10,UPI,New,5,7179.19
101531,2024-04-07,North,Electronics,Smartwatch,1,19656.23,0,Debit Card,Returning,4,19656.23
101192,2024-04-07,Central,Books,Self-Help Book,4,587.02,5,UPI,Returning,5,2230.68
101658,2024-04-08,South,Electronics,Headphones,4,10765.68,5,Debit Card,Returning,5,40909.58
101637,2024-04-08,Central,Clothing,Jeans,4,1228.92,15,Debit Card,New,5,4178.33
101138,2024-04-08,East,Books,Self-Help Book,1,498.19,20,Credit Card,Returning,3,398.55
100754,2024-04-08,Central,Electronics,Headphones,5,21166.26,10,Net Banking,Returning,2,95248.17
101795,2024-04-09,North,Sports,Cricket Bat,1,1280.28,15,Cash on Delivery,Returning,4,1088.24
100302,2024-04-09,West,Clothing,Dress,3,1392.34,0,Credit Card,New,4,4177.02
101726,2024-04-09,Central,Sports,Running Shoes,2,1369.75,10,Debit Card,Returning,2,2465.55
100290,2024-04-10,West,Beauty,Perfume,2,815.41,10,Credit Card,Returning,4,1467.74
101715,2024-04-10,Central,Electronics,Smartphone,2,15581.0,15,Cash on Delivery,New,5,26487.7
101415,2024-04-10,Central,Clothing,Dress,1,885.78,0,Cash on Delivery,New,3,885.78
100800,2024-04-10,South,Clothing,Jeans,3,1672.18,10,Credit Card,New,5,4514.89
100747,2024-04-11,South,Books,Biography,5,565.92,10,Cash on Delivery,Returning,3,2546.64
101417,2024-04-12,Central,Home & Kitchen,Mixer Grinder,5,3349.51,0,Net Banking,Returning,4,16747.55
101543,2024-04-12,North,Clothing,Dress,5,1766.29,5,Debit Card,Loyal,5,8389.88
100418,2024-04-13,Central,Electronics,Smartwatch,5,16413.84,0,Cash on Delivery,Returning,5,82069.2
101609,2024-04-13,Central,Home & Kitchen,Mixer Grinder,5,4188.45,20,Debit Card,Returning,3,16753.8
100841,2024-04-14,Central,Books,Biography,2,348.07,10,Credit Card,Loyal,3,626.53
100845,2024-04-16,South,Beauty,Sunscreen,3,767.23,0,Credit Card,Returning,4,2301.69
100228,2024-04-16,Central,Clothing,Jeans,4,1596.2,10,Net Banking,Loyal,4,5746.32
101548,2024-04-17,East,Electronics,Headphones,4,22255.37,20,Debit Card,New,4,71217.18
100014,2024-04-17,North,Electronics,Smartphone,3,15625.29,15,Credit Card,Returning,3,39844.49
101455,2024-04-17,South,Electronics,Tablet,3,19373.01,0,Net Banking,Returning,5,58119.03
101829,2024-04-18,South,Home & Kitchen,Bedsheet,1,3866.19,10,UPI,Loyal,4,3479.57
100035,2024-04-18,Central,Beauty,Face Cream,4,616.3,0,Credit Card,Returning,3,2465.2
100677,2024-04-18,South,Books,Comics,1,305.26,0,Credit Card,Returning,4,305.26
101520,2024-04-19,West,Home & Kitchen,Air Fryer,1,3729.3,5,UPI,Returning,4,3542.84
100236,2024-04-20,North,Sports,Running Shoes,5,1709.78,10,Debit Card,New,5,7694.01
100006,2024-04-21,South,Clothing,Dress,2,1219.34,15,Cash on Delivery,New,4,2072.88
101599,2024-04-22,East,Beauty,Shampoo,3,443.44,15,Net Banking,New,1,1130.77
100995,2024-04-22,Central,Electronics,Laptop,4,19289.46,15,Debit Card,Loyal,5,65584.16
101537,2024-04-23,Central,Books,Fiction Novel,2,396.53,5,Net Banking,Returning,3,753.41
100606,2024-04-23,East,Sports,Yoga Mat,2,1352.3,5,Debit Card,New,4,2569.37
100602,2024-04-23,South,Sports,Football,4,1919.38,0,UPI,Returning,3,7677.52
100692,2024-04-24,West,Beauty,Shampoo,1,427.53,0,UPI,New,5,427.53
100371,2024-04-24,South,Sports,Cricket Bat,3,2226.47,10,Net Banking,Returning,5,6011.47
101803,2024-04-24,West,Clothing,Jacket,1,1521.71,0,Credit Card,Returning,4,1521.71
100550,2024-04-24,Central,Home & Kitchen,Cookware Set,1,4996.74,5,Credit Card,Returning,4,4746.9
100472,2024-04-24,North,Beauty,Perfume,3,597.61,5,Net Banking,New,4,1703.19
100026,2024-04-25,Central,Sports,Running Shoes,3,2083.69,10,Credit Card,Loyal,4,5625.96
100890,2024-04-25,West,Beauty,Shampoo,3,570.77,10,Debit Card,Loyal,5,1541.08
100891,2024-04-25,West,Beauty,Shampoo,5,575.58,20,Credit Card,New,4,2302.32
100409,2024-04-25,South,Books,Comics,5,547.22,15,Debit Card,Returning,5,2325.69
101682,2024-04-25,West,Sports,Running Shoes,4,1300.33,15,Cash on Delivery,New,5,4421.12
100404,2024-04-25,North,Books,Fiction Novel,2,355.87,15,UPI,New,5,604.98
100525,2024-04-26,North,Electronics,Tablet,5,21548.3,0,Credit Card,Returning,4,107741.5
100253,2024-04-26,North,Books,Biography,4,428.62,0,UPI,Loyal,4,1714.48
100535,2024-04-26,East,Clothing,Shoes,1,1628.4,5,Net Banking,New,4,1546.98
100898,2024-04-26,East,Home & Kitchen,Air Fryer,1,4424.86,10,Debit Card,Returning,2,3982.37
101059,2024-04-26,North,Books,Fiction Novel,5,599.55,10,Debit Card,New,4,2697.98
101699,2024-04-27,South,Books,Fiction Novel,5,565.56,5,UPI,Loyal,5,2686.41
100688,2024-04-27,East,Sports,Dumbbells,3,1332.47,0,Cash on Delivery,Returning,3,3997.41
100496,2024-04-27,Central,Beauty,Shampoo,4,744.22,0,Cash on Delivery,Returning,4,2976.88
100636,2024-04-27,Central,Clothing,Jacket,2,1784.57,15,Debit Card,Returning,4,3033.77
101031,2024-04-28,Central,Sports,Yoga Mat,1,1654.44,0,Debit Card,Returning,5,1654.44
101301,2024-04-28,East,Electronics,Tablet,3,12505.2,0,Net Banking,Loyal,5,37515.6
101233,2024-04-28,North,Electronics,Headphones,5,13586.13,5,UPI,Loyal,4,64534.12
101671,2024-04-29,Central,Beauty,Face Cream,5,676.04,5,Cash on Delivery,Loyal,4,3211.19
100012,2024-04-29,Central,Home & Kitchen,Bedsheet,4,5089.99,5,UPI,New,5,19341.96
100237,2024-04-30,North,Sports,Cricket Bat,5,2314.99,15,Net Banking,Returning,5,9838.71
100697,2024-04-30,West,Clothing,Jeans,4,1214.63,5,Cash on Delivery,New,4,4615.59
100863,2024-04-30,North,Books,Self-Help Book,4,561.95,0,Cash on Delivery,Returning,3,2247.8
101348,2024-04-30,East,Sports,Dumbbells,3,2343.52,0,Debit Card,Returning,4,7030.56
101201,2024-05-02,South,Home & Kitchen,Mixer Grinder,2,4583.8,20,Credit Card,New,1,7334.08
100207,2024-05-02,South,Beauty,Sunscreen,5,861.74,5,Cash on Delivery,New,2,4093.26
100862,2024-05-02,East,Home & Kitchen,Air Fryer,3,4005.47,10,Debit Card,Returning,4,10814.77
101617,2024-05-02,South,Home & Kitchen,Vacuum Cleaner,1,3342.37,10,UPI,Returning,4,3008.13
100399,2024-05-02,Central,Books,Fiction Novel,1,336.16,5,Credit Card,Returning,5,319.35
101684,2024-05-02,South,Home & Kitchen,Cookware Set,5,4109.99,5,Cash on Delivery,Returning,5,19522.45
100020,2024-05-03,North,Clothing,T-Shirt,3,1167.42,0,Debit Card,New,5,3502.26
101806,2024-05-03,Central,Books,Fiction Novel,1,337.45,5,Net Banking,Loyal,3,320.58
100117,2024-05-04,North,Beauty,Lipstick,4,477.87,0,Net Banking,Returning,4,1911.48
101293,2024-05-04,West,Sports,Football,4,2330.77,0,Credit Card,New,5,9323.08
100449,2024-05-04,East,Electronics,Tablet,5,18154.82,20,Debit Card,Returning,4,72619.28
101762,2024-05-05,South,Beauty,Shampoo,4,814.12,15,UPI,Returning,5,2768.01
101423,2024-05-06,South,Sports,Cricket Bat,5,1381.93,15,Credit Card,Returning,5,5873.2
101577,2024-05-06,East,Home & Kitchen,Air Fryer,5,5178.91,10,Cash on Delivery,Returning,4,23305.1
100790,2024-05-06,Central,Sports,Cricket Bat,4,2110.77,5,Credit Card,New,5,8020.93
101297,2024-05-06,Central,Beauty,Perfume,1,461.78,0,UPI,Loyal,3,461.78
100968,2024-05-06,North,Beauty,Lipstick,1,654.26,0,Credit Card,Returning,5,654.26
101220,2024-05-07,East,Clothing,Shoes,3,1211.8,10,UPI,Returning,2,3271.86
101367,2024-05-07,North,Clothing,Jacket,4,1529.54,0,Debit Card,Loyal,5,6118.16
101184,2024-05-07,West,Home & Kitchen,Vacuum Cleaner,3,4549.96,5,UPI,Returning,1,12967.39
100391,2024-05-08,East,Clothing,Jeans,4,1001.39,5,Debit Card,New,3,3805.28
100323,2024-05-08,North,Home & Kitchen,Air Fryer,2,5084.2,5,UPI,New,5,9659.98
101320,2024-05-08,South,Home & Kitchen,Cookware Set,5,2568.94,0,Cash on Delivery,New,4,12844.7
100438,2024-05-08,South,Beauty,Face Cream,1,737.62,10,Debit Card,New,3,663.86
101598,2024-05-09,Central,Books,Cookbook,2,563.33,10,Credit Card,Returning,5,1013.99
101294,2024-05-09,West,Electronics,Smartwatch,2,17853.61,0,Cash on Delivery,Returning,5,35707.22
100854,2024-05-09,North,Beauty,Lipstick,5,505.84,15,UPI,New,5,2149.82
101008,2024-05-10,East,Electronics,Smartwatch,5,17792.51,0,Net Banking,Returning,4,88962.55
101444,2024-05-10,South,Electronics,Laptop,3,20566.15,0,UPI,New,4,61698.45
100952,2024-05-11,East,Books,Comics,3,475.63,20,Credit Card,New,2,1141.51
101063,2024-05-12,South,Clothing,Shoes,4,1546.22,5,Cash on Delivery,New,5,5875.64
101440,2024-05-12,West,Clothing,T-Shirt,4,1764.23,0,Debit Card,New,5,7056.92
100406,2024-05-12,Central,Beauty,Perfume,5,743.71,10,Credit Card,Returning,5,3346.7
100410,2024-05-13,North,Electronics,Headphones,3,14641.0,0,UPI,New,2,43923.0
100359,2024-05-13,South,Clothing,Dress,3,1053.47,5,Cash on Delivery,Returning,3,3002.39
100844,2024-05-14,South,Sports,Cricket Bat,2,2388.86,0,Debit Card,Returning,4,4777.72
101177,2024-05-14,North,Sports,Running Shoes,3,2141.52,0,Debit Card,Returning,4,6424.56
100273,2024-05-14,North,Books,Biography,5,329.33,5,Debit Card,New,3,1564.32
101743,2024-05-15,East,Books,Biography,5,474.79,15,Cash on Delivery,Returning,4,2017.86
100303,2024-05-15,North,Electronics,Laptop,4,18202.32,5,UPI,Returning,4,69168.82
100684,2024-05-16,East,Electronics,Headphones,4,17037.9,0,Debit Card,Returning,4,68151.6
101007,2024-05-16,West,Home & Kitchen,Mixer Grinder,3,2482.61,5,Net Banking,Loyal,4,7075.44
101045,2024-05-16,North,Books,Comics,3,581.9,0,Cash on Delivery,Loyal,4,1745.7
101332,2024-05-16,South,Clothing,Jacket,5,1176.04,5,Credit Card,Returning,4,5586.19
101445,2024-05-16,Central,Beauty,Sunscreen,2,539.29,10,UPI,New,3,970.72
100057,2024-05-16,North,Electronics,Smartphone,5,20265.54,10,Net Banking,New,2,91194.93
101853,2024-05-17,East,Home & Kitchen,Air Fryer,3,3803.29,5,Credit Card,Returning,5,10839.38
100988,2024-05-17,Central,Clothing,Shoes,1,1107.43,10,Debit Card,Loyal,4,996.69
100501,2024-05-17,Central,Home & Kitchen,Mixer Grinder,3,4201.91,5,Net Banking,New,4,11975.44
101253,2024-05-17,West,Clothing,Jeans,2,1372.33,10,Net Banking,New,4,2470.19
100687,2024-05-18,South,Home & Kitchen,Bedsheet,3,4642.85,0,Debit Card,New,4,13928.55
100756,2024-05-18,West,Books,Biography,5,582.01,0,UPI,Returning,3,2910.05
101462,2024-05-19,North,Clothing,Dress,2,1752.53,10,Debit Card,New,5,3154.55
100329,2024-05-19,North,Sports,Dumbbells,1,1447.12,5,Credit Card,Returning,4,1374.76
100365,2024-05-19,North,Home & Kitchen,Air Fryer,3,3249.42,5,Net Banking,New,5,9260.85
101212,2024-05-20,North,Home & Kitchen,Vacuum Cleaner,5,4425.74,5,UPI,New,5,21022.26
100531,2024-05-20,North,Sports,Cricket Bat,4,2502.61,0,Debit Card,Returning,1,10010.44
100346,2024-05-21,Central,Electronics,Smartwatch,4,15712.84,10,Debit Card,Loyal,3,56566.22
100381,2024-05-22,Central,Home & Kitchen,Cookware Set,1,4584.45,0,UPI,New,5,4584.45
100674,2024-05-22,South,Sports,Dumbbells,5,2488.73,15,Cash on Delivery,New,5,10577.1
101347,2024-05-22,South,Home & Kitchen,Vacuum Cleaner,2,3856.72,0,Credit Card,Loyal,3,7713.44
101163,2024-05-22,North,Home & Kitchen,Bedsheet,2,4604.31,0,UPI,Loyal,5,9208.62
101850,2024-05-23,North,Books,Self-Help Book,1,408.96,10,UPI,Returning,3,368.06
101364,2024-05-24,East,Books,Self-Help Book,5,303.26,10,Net Banking,Returning,5,1364.67
100200,2024-05-24,West,Clothing,Dress,4,1465.64,15,Net Banking,Returning,4,4983.18
101596,2024-05-24,North,Books,Fiction Novel,4,546.05,0,Debit Card,New,2,2184.2
100327,2024-05-25,West,Electronics,Tablet,5,15571.55,0,Net Banking,Returning,5,77857.75
100998,2024-05-25,Central,Sports,Football,5,2580.2,5,UPI,New,4,12255.95
100051,2024-05-25,North,Books,Biography,4,400.4,0,Net Banking,Returning,5,1601.6
100031,2024-05-26,West,Home & Kitchen,Air Fryer,2,2713.15,5,UPI,Returning,4,5154.98
100727,2024-05-26,North,Electronics,Smartwatch,5,14087.11,5,Credit Card,Returning,4,66913.77
101261,2024-05-26,East,Sports,Yoga Mat,5,2373.56,5,Net Banking,Returning,4,11274.41
101238,2024-05-26,West,Sports,Dumbbells,3,2654.54,15,Net Banking,Returning,4,6769.08
100672,2024-05-27,East,Books,Comics,3,476.2,0,UPI,Returning,5,1428.6
101225,2024-05-28,South,Sports,Running Shoes,4,1569.25,15,Debit Card,Loyal,3,5335.45
100232,2024-05-28,North,Clothing,Jeans,2,1667.51,5,Cash on Delivery,New,4,3168.27
100746,2024-05-28,West,Clothing,Jacket,2,983.79,0,Net Banking,New,4,1967.58
101380,2024-05-28,West,Beauty,Lipstick,2,734.22,0,Credit Card,Loyal,5,1468.44
100436,2024-05-29,North,Sports,Dumbbells,1,1880.62,0,Credit Card,New,5,1880.62
100875,2024-05-29,East,Sports,Cricket Bat,3,1471.53,15,Credit Card,New,4,3752.4
101422,2024-05-29,East,Home & Kitchen,Air Fryer,2,3672.52,0,Credit Card,Loyal,2,7345.04
101032,2024-05-29,North,Electronics,Smartphone,2,18613.7,10,UPI,New,4,33504.66
101783,2024-05-29,North,Home & Kitchen,Mixer Grinder,5,4553.48,20,UPI,New,4,18213.92
101660,2024-05-30,North,Clothing,Jeans,4,1673.93,0,Cash on Delivery,Loyal,5,6695.72
101725,2024-05-30,West,Sports,Cricket Bat,4,1683.07,15,Debit Card,Loyal,5,5722.44
100561,2024-05-30,South,Books,Self-Help Book,2,507.77,15,Debit Card,Returning,5,863.21
101488,2024-05-30,South,Books,Cookbook,4,325.11,10,Net Banking,New,5,1170.4
101074,2024-05-31,Central,Electronics,Laptop,4,16557.05,10,Net Banking,Loyal,5,59605.38
100125,2024-05-31,Central,Beauty,Face Cream,1,865.32,20,Net Banking,New,4,692.26
100852,2024-05-31,East,Clothing,T-Shirt,2,1691.46,15,UPI,New,5,2875.48
101344,2024-06-01,South,Beauty,Face Cream,4,734.07,0,Net Banking,Returning,2,2936.28
101372,2024-06-01,North,Electronics,Headphones,1,18307.02,0,Net Banking,Returning,5,18307.02
101478,2024-06-01,South,Electronics,Smartwatch,5,22283.01,10,Debit Card,New,4,100273.54
101133,2024-06-01,West,Beauty,Lipstick,4,723.85,5,Credit Card,Loyal,1,2750.63
101410,2024-06-02,West,Electronics,Headphones,3,16149.12,0,Debit Card,Returning,4,48447.36
100277,2024-06-03,West,Books,Fiction Novel,5,453.77,0,UPI,Loyal,5,2268.85
101054,2024-06-03,South,Sports,Yoga Mat,3,1849.61,15,Cash on Delivery,New,3,4716.51
100155,2024-06-03,West,Beauty,Perfume,4,598.97,5,Net Banking,Loyal,4,2276.09
100954,2024-06-04,West,Books,Cookbook,4,323.76,10,Credit Card,New,3,1165.54
100776,2024-06-04,Central,Sports,Running Shoes,3,2594.89,10,UPI,Loyal,5,7006.2
100508,2024-06-04,Central,Home & Kitchen,Vacuum Cleaner,5,2836.75,15,Net Banking,Returning,3,12056.19
100690,2024-06-04,North,Home & Kitchen,Vacuum Cleaner,5,4268.72,0,UPI,New,4,21343.6
100176,2024-06-04,South,Clothing,T-Shirt,5,1709.66,10,Credit Card,New,5,7693.47
100847,2024-06-04,North,Electronics,Smartphone,2,19761.4,5,Credit Card,New,2,37546.66
100086,2024-06-05,Central,Home & Kitchen,Cookware Set,1,2738.16,5,Cash on Delivery,Returning,5,2601.25
100903,2024-06-05,East,Sports,Cricket Bat,1,1646.32,0,UPI,Returning,3,1646.32
101166,2024-06-05,North,Home & Kitchen,Bedsheet,3,4760.6,0,Net Banking,Loyal,5,14281.8
101521,2024-06-05,East,Books,Fiction Novel,1,570.85,0,Credit Card,New,4,570.85
100622,2024-06-06,North,Beauty,Perfume,3,768.16,15,Debit Card,New,5,1958.81
100680,2024-06-06,East,Clothing,Shoes,5,1269.46,0,UPI,Returning,4,6347.3
101323,2024-06-06,South,Clothing,Jeans,5,1219.27,0,Net Banking,Loyal,3,6096.35
100141,2024-06-07,South,Sports,Yoga Mat,4,1527.16,15,Net Banking,New,4,5192.34
101770,2024-06-07,South,Sports,Football,1,2165.28,15,UPI,Returning,4,1840.49
100069,2024-06-07,South,Beauty,Perfume,1,661.64,10,Credit Card,New,4,595.48
100681,2024-06-07,East,Electronics,Tablet,2,14445.12,0,Credit Card,Returning,4,28890.24
101661,2024-06-08,West,Sports,Cricket Bat,3,1530.97,0,Debit Card,New,1,4592.91
100922,2024-06-08,South,Books,Self-Help Book,1,320.65,0,Debit Card,Loyal,5,320.65
100564,2024-06-09,South,Books,Comics,4,391.04,15,Credit Card,Returning,5,1329.54
101377,2024-06-10,North,Home & Kitchen,Cookware Set,3,2717.87,0,UPI,Returning,4,8153.61
101610,2024-06-10,Central,Clothing,Jeans,5,1015.9,0,Net Banking,New,4,5079.5
101242,2024-06-10,West,Clothing,Dress,3,1102.89,0,UPI,New,3,3308.67
101215,2024-06-11,North,Beauty,Sunscreen,4,438.44,5,Debit Card,Returning,4,1666.07
100657,2024-06-11,South,Sports,Running Shoes,2,2164.36,15,Debit Card,Returning,5,3679.41
100536,2024-06-11,West,Home & Kitchen,Bedsheet,2,3882.99,10,Debit Card,Returning,1,6989.38
100479,2024-06-12,South,Electronics,Smartwatch,3,19996.92,15,Cash on Delivery,Loyal,4,50992.15
100597,2024-06-12,Central,Clothing,Shoes,3,1067.25,15,Net Banking,New,3,2721.49
100908,2024-06-12,West,Electronics,Laptop,4,21215.58,5,UPI,Loyal,5,80619.2
101588,2024-06-12,West,Beauty,Perfume,4,543.16,0,UPI,Loyal,1,2172.64
101838,2024-06-12,South,Books,Biography,3,495.4,0,Debit Card,Loyal,4,1486.2
101710,2024-06-13,North,Beauty,Shampoo,1,584.02,0,Debit Card,Returning,3,584.02
101773,2024-06-13,West,Clothing,Dress,2,977.12,0,Debit Card,New,3,1954.24
101619,2024-06-14,North,Home & Kitchen,Mixer Grinder,1,4570.07,0,Debit Card,Returning,5,4570.07
100718,2024-06-14,Central,Books,Fiction Novel,4,295.29,0,Cash on Delivery,New,3,1181.16
101513,2024-06-14,West,Beauty,Sunscreen,1,614.05,0,Debit Card,Loyal,3,614.05
100932,2024-06-15,South,Sports,Dumbbells,5,2010.06,15,Debit Card,Returning,5,8542.75
100368,2024-06-15,Central,Home & Kitchen,Cookware Set,5,3699.88,0,UPI,Returning,4,18499.4
100647,2024-06-15,South,Electronics,Smartphone,5,13682.05,10,Cash on Delivery,New,2,61569.22
101028,2024-06-16,East,Beauty,Face Cream,5,616.41,5,Credit Card,New,5,2927.95
101392,2024-06-16,West,Books,Self-Help Book,1,360.67,20,Cash on Delivery,Returning,3,288.54
100275,2024-06-16,West,Home & Kitchen,Air Fryer,3,2912.68,5,Net Banking,Returning,5,8301.14
101289,2024-06-16,North,Electronics,Headphones,4,18614.8,0,Debit Card,Loyal,3,74459.2
100377,2024-06-17,Central,Books,Cookbook,5,481.61,15,Credit Card,Loyal,5,2046.84
101146,2024-06-18,East,Clothing,Jacket,3,1005.22,0,Debit Card,Returning,5,3015.66
101036,2024-06-19,East,Home & Kitchen,Bedsheet,4,2710.49,5,Credit Card,New,5,10299.86
100218,2024-06-19,South,Beauty,Perfume,3,549.51,15,Credit Card,Returning,3,1401.25
100631,2024-06-20,North,Books,Cookbook,1,304.77,5,Credit Card,New,5,289.53
101544,2024-06-20,West,Beauty,Face Cream,2,847.08,0,UPI,Returning,4,1694.16
100415,2024-06-20,South,Home & Kitchen,Cookware Set,2,4983.35,10,Debit Card,New,4,8970.03
100165,2024-06-21,North,Sports,Yoga Mat,1,2252.92,10,UPI,Loyal,5,2027.63
101740,2024-06-22,South,Clothing,Jacket,2,947.94,0,Debit Card,New,5,1895.88
100296,2024-06-23,North,Home & Kitchen,Cookware Set,3,3485.48,0,Credit Card,New,4,10456.44
101113,2024-06-23,North,Books,Comics,4,412.58,5,Cash on Delivery,Returning,5,1567.8
101495,2024-06-23,South,Clothing,Dress,4,1700.01,10,Debit Card,Loyal,4,6120.04
101884,2024-06-23,Central,Books,Comics,3,423.71,0,Credit Card,New,4,1271.13
100264,2024-06-23,East,Sports,Yoga Mat,5,2559.53,0,Debit Card,New,4,12797.65
100205,2024-06-23,East,Home & Kitchen,Cookware Set,5,3988.92,15,Debit Card,New,2,16952.91
101170,2024-06-23,South,Sports,Yoga Mat,3,1655.62,5,Debit Card,Returning,5,4718.52
100779,2024-06-23,Central,Clothing,Jeans,5,1619.49,15,Net Banking,New,2,6882.83
100364,2024-06-24,Central,Home & Kitchen,Cookware Set,4,4918.38,10,Credit Card,Returning,5,17706.17
100513,2024-06-25,East,Electronics,Smartphone,3,13482.48,0,Cash on Delivery,Returning,4,40447.44
100534,2024-06-26,South,Clothing,T-Shirt,1,1650.54,15,UPI,Returning,3,1402.96
101607,2024-06-27,West,Sports,Cricket Bat,5,2018.43,15,Net Banking,Loyal,3,8578.33
101466,2024-06-27,Central,Clothing,T-Shirt,3,1610.09,15,Credit Card,New,4,4105.73
100238,2024-06-27,North,Sports,Yoga Mat,1,1861.58,20,Net Banking,Returning,4,1489.26
100567,2024-06-27,South,Clothing,T-Shirt,3,1600.26,5,Net Banking,Returning,4,4560.74
101186,2024-06-27,South,Clothing,Jacket,2,1180.1,15,UPI,Loyal,5,2006.17
100209,2024-06-27,North,Sports,Cricket Bat,2,2175.94,0,Cash on Delivery,New,4,4351.88
100780,2024-06-28,North,Beauty,Sunscreen,3,887.22,10,Credit Card,Returning,4,2395.49
100982,2024-06-28,West,Books,Biography,5,568.21,15,Net Banking,Returning,5,2414.89
101240,2024-06-28,Central,Clothing,Jeans,2,1271.37,5,Net Banking,Returning,3,2415.6
101580,2024-07-02,West,Sports,Football,1,1424.11,10,Cash on Delivery,Loyal,4,1281.7
101799,2024-07-02,South,Sports,Dumbbells,3,1826.63,0,Net Banking,New,3,5479.89
101765,2024-07-02,East,Home & Kitchen,Mixer Grinder,5,3803.07,10,UPI,Returning,5,17113.82
100959,2024-07-02,South,Clothing,T-Shirt,3,1590.1,10,Credit Card,Loyal,1,4293.27
101188,2024-07-03,East,Sports,Dumbbells,3,2114.91,10,Credit Card,Loyal,5,5710.26
100080,2024-07-03,East,Beauty,Face Cream,5,818.7,20,Net Banking,Returning,5,3274.8
100523,2024-07-03,East,Beauty,Perfume,1,636.61,15,Net Banking,Returning,4,541.12
100447,2024-07-03,West,Electronics,Smartwatch,1,17046.99,0,Net Banking,New,5,17046.99
101693,2024-07-04,South,Clothing,Jacket,5,1342.75,0,Credit Card,New,5,6713.75
100420,2024-07-05,South,Clothing,T-Shirt,4,850.38,15,Net Banking,Loyal,2,2891.29
101438,2024-07-05,West,Books,Comics,3,450.01,15,UPI,Returning,5,1147.53
101805,2024-07-06,Central,Sports,Cricket Bat,3,1876.39,0,Cash on Delivery,New,4,5629.17
100964,2024-07-06,West,Clothing,Jacket,2,907.07,10,Debit Card,Returning,4,1632.73
101816,2024-07-06,West,Books,Cookbook,2,327.79,0,Net Banking,Loyal,5,655.58
101370,2024-07-06,West,Books,Fiction Novel,3,315.62,0,Net Banking,New,5,946.86
100960,2024-07-08,North,Books,Fiction Novel,2,383.65,0,Cash on Delivery,Loyal,5,767.3
100461,2024-07-09,South,Books,Comics,3,408.65,10,UPI,New,5,1103.35
100654,2024-07-09,Central,Home & Kitchen,Cookware Set,3,4510.9,0,Debit Card,New,5,13532.7
100494,2024-07-10,West,Electronics,Smartphone,3,19376.19,10,UPI,Returning,5,52315.71
100950,2024-07-10,North,Sports,Cricket Bat,2,1518.71,10,Credit Card,Loyal,5,2733.68
100013,2024-07-10,North,Books,Biography,4,349.9,5,UPI,Returning,3,1329.62
100823,2024-07-11,Central,Clothing,Dress,3,1027.25,20,UPI,Loyal,4,2465.4
101878,2024-07-11,Central,Beauty,Face Cream,1,850.59,0,Credit Card,Loyal,4,850.59
101702,2024-07-12,Central,Beauty,Shampoo,4,822.36,15,Credit Card,New,3,2796.02
101868,2024-07-12,North,Home & Kitchen,Cookware Set,2,2761.21,10,Net Banking,Loyal,3,4970.18
100360,2024-07-12,East,Beauty,Shampoo,3,687.3,5,Credit Card,Returning,5,1958.8
100620,2024-07-12,Central,Home & Kitchen,Bedsheet,4,4159.05,15,Debit Card,Returning,4,14140.77
100939,2024-07-12,West,Clothing,Dress,5,1636.83,0,Credit Card,Returning,5,8184.15
101043,2024-07-13,North,Sports,Running Shoes,4,2617.79,10,Credit Card,Loyal,5,9424.04
101058,2024-07-14,South,Books,Comics,5,471.42,0,Net Banking,New,3,2357.1
101742,2024-07-14,West,Home & Kitchen,Vacuum Cleaner,5,3743.92,5,Credit Card,Returning,5,17783.62
101526,2024-07-14,West,Books,Self-Help Book,1,459.19,5,Cash on Delivery,Returning,5,436.23
101190,2024-07-15,South,Home & Kitchen,Bedsheet,5,4944.4,0,Credit Card,Returning,4,24722.0
100142,2024-07-15,West,Home & Kitchen,Bedsheet,4,2541.07,15,UPI,New,4,8639.64
100384,2024-07-15,West,Beauty,Face Cream,2,763.25,5,UPI,Loyal,5,1450.18
100471,2024-07-16,Central,Books,Comics,1,592.06,15,Credit Card,Loyal,5,503.25
101757,2024-07-16,North,Beauty,Perfume,1,450.72,0,UPI,Returning,5,450.72
101821,2024-07-17,West,Books,Self-Help Book,1,305.61,10,Net Banking,Loyal,4,275.05
100839,2024-07-17,South,Clothing,T-Shirt,5,1268.87,0,Debit Card,Returning,2,6344.35
100392,2024-07-17,Central,Sports,Yoga Mat,5,2353.38,20,Cash on Delivery,New,5,9413.52
101206,2024-07-18,Central,Electronics,Tablet,5,22222.01,10,Credit Card,Loyal,5,99999.04
100989,2024-07-18,Central,Books,Cookbook,5,317.45,0,UPI,Returning,5,1587.25
101893,2024-07-18,West,Clothing,Jeans,5,1694.37,20,Credit Card,Returning,4,6777.48
101793,2024-07-18,South,Sports,Football,3,1731.28,10,Credit Card,Returning,4,4674.46
100029,2024-07-19,South,Home & Kitchen,Cookware Set,2,3161.66,0,Debit Card,Returning,5,6323.32
100857,2024-07-19,South,Electronics,Tablet,1,15759.58,0,Net Banking,Loyal,5,15759.58
101179,2024-07-20,Central,Electronics,Laptop,1,14423.73,5,Credit Card,Returning,5,13702.54
100712,2024-07-20,South,Beauty,Perfume,1,639.94,15,Cash on Delivery,Loyal,5,543.95
101026,2024-07-20,West,Electronics,Smartphone,4,19453.57,5,Cash on Delivery,New,4,73923.57
101747,2024-07-21,South,Electronics,Smartwatch,4,16704.31,0,Credit Card,Returning,2,66817.24
101114,2024-07-22,West,Beauty,Shampoo,1,481.26,10,Credit Card,New,4,433.13
100963,2024-07-22,West,Home & Kitchen,Vacuum Cleaner,5,5023.31,15,UPI,New,5,21349.07
101756,2024-07-22,West,Home & Kitchen,Mixer Grinder,3,5145.66,0,Cash on Delivery,Returning,4,15436.98
100757,2024-07-23,East,Electronics,Smartwatch,3,20842.13,5,Credit Card,Loyal,4,59400.07
101330,2024-07-23,West,Electronics,Smartwatch,3,20137.49,5,Credit Card,New,3,57391.85
100826,2024-07-23,West,Electronics,Smartwatch,4,15181.03,0,Net Banking,Returning,4,60724.12
100233,2024-07-24,South,Home & Kitchen,Vacuum Cleaner,1,3013.82,0,Cash on Delivery,Returning,5,3013.82
100115,2024-07-24,South,Electronics,Tablet,2,10973.12,10,Credit Card,New,4,19751.62
100817,2024-07-24,West,Electronics,Tablet,1,16548.84,5,Credit Card,Loyal,5,15721.4
100313,2024-07-24,Central,Clothing,T-Shirt,3,1219.4,20,Debit Card,Loyal,3,2926.56
101891,2024-07-25,West,Beauty,Shampoo,3,885.8,0,Debit Card,Loyal,3,2657.4
100369,2024-07-25,West,Home & Kitchen,Cookware Set,3,5052.01,0,Debit Card,Returning,4,15156.03
101232,2024-07-26,South,Beauty,Shampoo,3,694.25,0,Net Banking,New,5,2082.75
100542,2024-07-26,West,Beauty,Perfume,2,706.3,15,Cash on Delivery,New,3,1200.71
100755,2024-07-27,Central,Books,Fiction Novel,2,538.32,5,Debit Card,New,4,1022.81
100937,2024-07-27,Central,Beauty,Sunscreen,5,691.82,0,Cash on Delivery,Loyal,4,3459.1
101533,2024-07-28,South,Beauty,Face Cream,3,492.64,10,Net Banking,Returning,3,1330.13
100270,2024-07-29,Central,Clothing,Dress,4,1377.3,0,Credit Card,New,4,5509.2
100621,2024-07-29,Central,Beauty,Sunscreen,2,583.66,20,UPI,Loyal,5,933.86
101817,2024-07-29,East,Electronics,Tablet,5,10993.19,5,UPI,Loyal,5,52217.65
101667,2024-07-29,North,Beauty,Shampoo,1,443.61,5,Debit Card,Returning,4,421.43
101470,2024-07-30,East,Sports,Football,2,2139.48,10,Credit Card,Loyal,5,3851.06
100470,2024-07-30,East,Home & Kitchen,Air Fryer,3,4991.66,20,Cash on Delivery,Returning,4,11979.98
101442,2024-07-30,West,Home & Kitchen,Air Fryer,2,3397.9,0,Debit Card,Loyal,5,6795.8
101706,2024-07-30,East,Clothing,Dress,4,1704.36,0,Net Banking,Returning,5,6817.44
100942,2024-07-30,Central,Sports,Cricket Bat,2,2096.26,0,Debit Card,New,4,4192.52
100907,2024-07-31,Central,Electronics,Laptop,2,19265.0,5,Debit Card,Returning,4,36603.5
101786,2024-07-31,South,Beauty,Face Cream,3,662.56,10,UPI,New,5,1788.91
101035,2024-08-01,East,Home & Kitchen,Air Fryer,5,4003.63,10,UPI,Returning,4,18016.34
100785,2024-08-01,South,Electronics,Smartphone,3,18436.2,0,Net Banking,Loyal,4,55308.6
100985,2024-08-01,North,Home & Kitchen,Cookware Set,4,3000.15,0,Cash on Delivery,Loyal,5,12000.6
100284,2024-08-01,North,Sports,Cricket Bat,5,2326.29,0,Net Banking,Loyal,5,11631.45
101285,2024-08-02,West,Sports,Dumbbells,2,2067.78,0,Cash on Delivery,Returning,4,4135.56
100325,2024-08-03,Central,Beauty,Face Cream,1,703.41,0,Net Banking,Returning,3,703.41
101263,2024-08-03,East,Electronics,Headphones,4,14557.72,0,Cash on Delivery,Loyal,5,58230.88
100223,2024-08-03,Central,Books,Biography,1,419.26,15,Cash on Delivery,New,2,356.37
100279,2024-08-04,North,Home & Kitchen,Vacuum Cleaner,2,5196.76,5,Debit Card,Returning,4,9873.84
100917,2024-08-04,East,Beauty,Lipstick,5,650.44,5,Credit Card,Returning,4,3089.59
101560,2024-08-05,South,Sports,Cricket Bat,3,2272.17,0,Credit Card,Loyal,5,6816.51
101241,2024-08-05,North,Sports,Running Shoes,5,2197.72,0,Net Banking,Returning,4,10988.6
100920,2024-08-05,North,Books,Comics,2,385.7,0,Credit Card,Returning,3,771.4
101046,2024-08-06,Central,Beauty,Perfume,2,771.25,0,UPI,New,4,1542.5
101147,2024-08-06,East,Books,Comics,4,592.31,0,Debit Card,Loyal,5,2369.24
101096,2024-08-06,West,Sports,Dumbbells,1,2457.83,10,Net Banking,Loyal,5,2212.05
101640,2024-08-07,Central,Electronics,Smartphone,1,17024.42,5,Debit Card,Loyal,5,16173.2
101752,2024-08-07,Central,Sports,Dumbbells,4,1288.4,10,Debit Card,Returning,4,4638.24
101351,2024-08-07,East,Home & Kitchen,Mixer Grinder,2,4337.85,5,Credit Card,Loyal,2,8241.92
100167,2024-08-07,Central,Books,Fiction Novel,3,561.12,5,Cash on Delivery,Returning,5,1599.19
101197,2024-08-07,East,Books,Fiction Novel,4,351.28,10,Cash on Delivery,Loyal,5,1264.61
100803,2024-08-07,Central,Sports,Football,2,2504.94,5,UPI,Returning,2,4759.39
100376,2024-08-08,Central,Sports,Dumbbells,2,2266.49,0,Cash on Delivery,New,4,4532.98
100977,2024-08-08,East,Sports,Cricket Bat,4,1834.33,15,Net Banking,Loyal,3,6236.72
100300,2024-08-08,Central,Books,Self-Help Book,1,319.8,5,Credit Card,Returning,4,303.81
101300,2024-08-09,South,Clothing,T-Shirt,5,1209.64,15,UPI,New,5,5140.97
101814,2024-08-09,North,Beauty,Perfume,2,773.28,10,Cash on Delivery,New,4,1391.9
100586,2024-08-10,Central,Sports,Dumbbells,2,2450.11,5,Cash on Delivery,Returning,4,4655.21
101872,2024-08-10,West,Sports,Running Shoes,2,1396.65,5,Debit Card,New,2,2653.64
101459,2024-08-10,North,Electronics,Laptop,2,18404.69,0,Net Banking,Returning,5,36809.38
100081,2024-08-10,East,Home & Kitchen,Mixer Grinder,4,4807.12,0,Credit Card,Loyal,5,19228.48
100870,2024-08-10,North,Sports,Cricket Bat,4,2007.93,5,Credit Card,Loyal,5,7630.13
100855,2024-08-10,North,Books,Cookbook,1,340.64,10,Cash on Delivery,New,5,306.58
101576,2024-08-11,West,Books,Fiction Novel,1,293.22,15,Credit Card,Returning,5,249.24
100174,2024-08-11,West,Clothing,T-Shirt,3,958.29,15,Net Banking,New,4,2443.64
100573,2024-08-11,Central,Beauty,Shampoo,2,425.06,0,Debit Card,Returning,3,850.12
100146,2024-08-11,West,Clothing,Jeans,2,1501.89,15,Debit Card,New,5,2553.21
101503,2024-08-11,Central,Books,Fiction Novel,5,387.22,10,Credit Card,Returning,5,1742.49
100987,2024-08-11,Central,Beauty,Face Cream,1,855.66,15,UPI,Returning,4,727.31
101611,2024-08-11,South,Beauty,Shampoo,3,721.66,0,UPI,Returning,4,2164.98
100700,2024-08-12,West,Electronics,Headphones,3,10716.97,5,UPI,New,5,30543.36
101010,2024-08-12,East,Sports,Football,5,2106.28,0,UPI,Returning,4,10531.4
101264,2024-08-12,Central,Beauty,Sunscreen,2,786.27,10,UPI,Returning,4,1415.29
101657,2024-08-12,North,Sports,Cricket Bat,3,1822.43,0,Net Banking,Returning,5,5467.29
100992,2024-08-12,West,Electronics,Smartphone,4,11537.35,10,UPI,New,5,41534.46
101109,2024-08-13,Central,Beauty,Perfume,5,494.16,5,Credit Card,Returning,5,2347.26
101355,2024-08-13,West,Clothing,Dress,1,1260.11,20,Cash on Delivery,Loyal,5,1008.09
100158,2024-08-14,South,Books,Self-Help Book,4,545.24,5,Cash on Delivery,Returning,5,2071.91
100941,2024-08-14,Central,Books,Biography,2,488.26,20,Credit Card,Returning,3,781.22
101319,2024-08-14,East,Electronics,Laptop,4,21216.36,20,UPI,New,3,67892.35
100883,2024-08-14,South,Books,Biography,1,381.24,20,Debit Card,Returning,5,304.99
101581,2024-08-14,West,Home & Kitchen,Air Fryer,2,4020.6,0,Credit Card,Returning,5,8041.2
101886,2024-08-16,Central,Home & Kitchen,Vacuum Cleaner,3,2906.0,10,Credit Card,Returning,5,7846.2
100168,2024-08-16,Central,Electronics,Headphones,5,20314.01,0,Credit Card,Returning,5,101570.05
100643,2024-08-16,West,Sports,Running Shoes,4,1706.93,10,Debit Card,Returning,5,6144.95
101810,2024-08-16,North,Sports,Cricket Bat,5,1385.93,0,UPI,Returning,5,6929.65
101277,2024-08-17,South,Books,Fiction Novel,5,294.21,15,Debit Card,New,3,1250.39
101582,2024-08-17,East,Books,Self-Help Book,1,576.49,0,UPI,Returning,3,576.49
100639,2024-08-17,North,Books,Cookbook,3,514.77,15,Cash on Delivery,New,5,1312.66
101142,2024-08-17,East,Electronics,Smartwatch,1,15845.73,15,Credit Card,Returning,3,13468.87
101001,2024-08-18,South,Home & Kitchen,Vacuum Cleaner,5,4210.42,5,Debit Card,Returning,3,19999.5
100225,2024-08-18,North,Sports,Running Shoes,4,1324.22,0,UPI,New,5,5296.88
101326,2024-08-19,Central,Books,Self-Help Book,2,531.83,5,Debit Card,Loyal,4,1010.48
100439,2024-08-19,Central,Beauty,Sunscreen,1,531.11,15,Cash on Delivery,New,5,451.44
101841,2024-08-19,Central,Home & Kitchen,Air Fryer,4,4002.47,10,Cash on Delivery,Returning,5,14408.89
101633,2024-08-19,West,Books,Self-Help Book,3,358.45,10,Net Banking,Loyal,5,967.82
101056,2024-08-21,North,Home & Kitchen,Mixer Grinder,3,3960.92,0,UPI,Returning,4,11882.76
101312,2024-08-21,South,Books,Biography,4,598.95,0,Debit Card,New,1,2395.8
100795,2024-08-22,East,Home & Kitchen,Cookware Set,1,5234.86,5,Cash on Delivery,Returning,2,4973.12
101730,2024-08-23,North,Electronics,Smartwatch,3,18787.38,5,Debit Card,Returning,4,53544.03
101695,2024-08-23,East,Beauty,Sunscreen,4,710.91,0,Cash on Delivery,New,4,2843.64
100463,2024-08-23,North,Sports,Dumbbells,3,2454.8,20,UPI,Returning,5,5891.52
101709,2024-08-23,North,Beauty,Lipstick,1,652.85,10,Debit Card,New,5,587.57
100455,2024-08-23,South,Sports,Cricket Bat,4,1300.1,10,Credit Card,New,1,4680.36
100641,2024-08-24,Central,Electronics,Smartwatch,3,20488.69,20,Net Banking,New,1,49172.86
101477,2024-08-24,East,Electronics,Smartphone,1,18078.64,0,Debit Card,Returning,4,18078.64
101160,2024-08-24,South,Electronics,Smartphone,4,20969.59,10,Debit Card,Returning,4,75490.52
101257,2024-08-25,North,Books,Biography,5,337.79,0,Net Banking,Loyal,4,1688.95
100981,2024-08-25,East,Books,Self-Help Book,4,372.64,10,Net Banking,Returning,5,1341.5
101565,2024-08-26,East,Sports,Running Shoes,3,1871.05,15,Debit Card,New,4,4771.18
100721,2024-08-26,East,Sports,Running Shoes,1,2634.37,15,UPI,Returning,3,2239.21
100905,2024-08-26,North,Home & Kitchen,Air Fryer,5,3795.81,5,Cash on Delivery,New,5,18030.1
100507,2024-08-27,Central,Sports,Football,5,2297.03,0,UPI,New,3,11485.15
101464,2024-08-27,West,Beauty,Face Cream,4,541.44,20,UPI,New,5,1732.61
100678,2024-08-27,West,Beauty,Lipstick,5,656.63,5,Credit Card,Loyal,4,3118.99
100997,2024-08-28,East,Clothing,Jeans,4,852.25,10,UPI,Returning,5,3068.1
100423,2024-08-28,North,Clothing,Shoes,2,888.34,0,Cash on Delivery,Returning,3,1776.68
100318,2024-08-28,East,Home & Kitchen,Mixer Grinder,3,3221.53,10,Net Banking,New,4,8698.13
100739,2024-08-28,East,Beauty,Shampoo,4,789.17,15,Credit Card,Returning,5,2683.18
100822,2024-08-28,East,Home & Kitchen,Cookware Set,5,4516.82,0,Credit Card,New,2,22584.1
100295,2024-08-28,North,Books,Biography,3,482.99,20,Credit Card,Returning,5,1159.18
101668,2024-08-28,North,Sports,Running Shoes,5,2516.27,0,UPI,Loyal,5,12581.35
100999,2024-08-29,Central,Beauty,Face Cream,5,632.6,0,Cash on Delivery,Returning,5,3163.0
100904,2024-08-29,East,Electronics,Smartwatch,3,15768.5,0,Credit Card,Loyal,5,47305.5
100042,2024-08-29,South,Books,Cookbook,2,498.56,0,Net Banking,Loyal,1,997.12
101741,2024-08-29,Central,Electronics,Headphones,4,17262.94,10,Debit Card,Returning,5,62146.58
100211,2024-08-29,East,Sports,Running Shoes,3,2351.79,10,UPI,New,4,6349.83
100483,2024-08-29,South,Home & Kitchen,Air Fryer,3,4096.4,0,Net Banking,New,3,12289.2
101231,2024-08-30,South,Clothing,Jacket,4,1144.29,10,Cash on Delivery,Returning,4,4119.44
101776,2024-08-30,North,Clothing,Jacket,1,1193.41,0,Cash on Delivery,Returning,3,1193.41
101047,2024-08-30,East,Electronics,Smartphone,2,17163.16,0,Credit Card,Loyal,4,34326.32
100434,2024-08-30,North,Books,Self-Help Book,4,348.87,15,UPI,Loyal,5,1186.16
101411,2024-08-31,West,Beauty,Shampoo,3,549.6,0,Credit Card,Returning,5,1648.8
101500,2024-08-31,West,Books,Self-Help Book,4,291.9,0,Net Banking,Returning,2,1167.6
100527,2024-08-31,South,Electronics,Smartphone,1,11929.69,5,Debit Card,New,5,11333.21
100100,2024-08-31,West,Clothing,Jacket,3,1764.14,15,Net Banking,Returning,4,4498.56
100196,2024-08-31,West,Sports,Cricket Bat,5,2145.92,0,Cash on Delivery,Returning,5,10729.6
101664,2024-08-31,Central,Electronics,Smartwatch,5,16609.91,10,Net Banking,New,3,74744.6
100060,2024-09-01,North,Home & Kitchen,Mixer Grinder,5,2607.85,15,Credit Card,Returning,5,11083.36
100464,2024-09-02,West,Beauty,Lipstick,1,573.61,5,Credit Card,Returning,5,544.93
100669,2024-09-02,East,Electronics,Laptop,1,13782.5,0,UPI,Loyal,2,13782.5
100858,2024-09-03,North,Electronics,Smartwatch,2,19848.06,0,UPI,New,5,39696.12
101009,2024-09-03,West,Beauty,Sunscreen,4,545.96,10,Debit Card,Returning,1,1965.46
100914,2024-09-03,East,Clothing,T-Shirt,4,1424.23,20,Net Banking,Loyal,3,4557.54
100424,2024-09-04,North,Electronics,Smartphone,2,14810.5,15,Credit Card,New,5,25177.85
100091,2024-09-04,Central,Clothing,Dress,1,1158.86,0,UPI,Returning,4,1158.86
100326,2024-09-06,Central,Books,Biography,3,562.48,0,Cash on Delivery,Loyal,3,1687.44
100918,2024-09-06,East,Beauty,Lipstick,5,513.5,15,Debit Card,New,3,2182.38
100112,2024-09-07,South,Electronics,Headphones,3,11433.18,0,UPI,New,4,34299.54
101562,2024-09-07,West,Sports,Cricket Bat,2,2648.09,15,UPI,Returning,1,4501.75
101815,2024-09-09,North,Home & Kitchen,Vacuum Cleaner,1,4287.18,5,Debit Card,Returning,1,4072.82
101641,2024-09-10,Central,Books,Cookbook,5,479.94,20,Net Banking,Loyal,5,1919.76
100222,2024-09-10,North,Beauty,Sunscreen,1,866.22,10,UPI,New,4,779.6
100351,2024-09-10,North,Electronics,Smartwatch,4,21483.09,15,Debit Card,Loyal,4,73042.51
101881,2024-09-11,East,Clothing,Jacket,3,1436.45,0,Debit Card,Returning,5,4309.35
100929,2024-09-11,East,Clothing,Dress,4,1300.92,15,Cash on Delivery,Returning,3,4423.13
101000,2024-09-11,North,Sports,Dumbbells,2,1511.5,15,Cash on Delivery,New,3,2569.55
100833,2024-09-11,East,Clothing,Jeans,2,1047.48,0,Debit Card,New,1,2094.96
100764,2024-09-12,East,Electronics,Smartphone,2,11185.19,0,Debit Card,Returning,4,22370.38
101128,2024-09-12,North,Clothing,Dress,3,1697.9,0,Net Banking,New,5,5093.7
100840,2024-09-12,Central,Electronics,Laptop,1,20257.8,20,Net Banking,Loyal,3,16206.24
100651,2024-09-13,Central,Clothing,Jeans,4,1426.7,20,Credit Card,Loyal,4,4565.44
100569,2024-09-13,Central,Beauty,Shampoo,5,467.76,10,UPI,Loyal,4,2104.92
101644,2024-09-13,Central,Beauty,Perfume,2,847.7,5,Net Banking,Loyal,3,1610.63
100758,2024-09-14,East,Electronics,Tablet,1,11870.21,5,Cash on Delivery,Returning,5,11276.7
101625,2024-09-14,South,Electronics,Laptop,2,22320.41,15,Credit Card,Returning,3,37944.7
100948,2024-09-14,East,Clothing,Dress,3,1510.05,0,Credit Card,New,5,4530.15
100071,2024-09-14,East,Sports,Running Shoes,2,1904.27,5,Credit Card,Returning,3,3618.11
101889,2024-09-15,North,Books,Comics,2,306.61,10,Cash on Delivery,Loyal,4,551.9
100832,2024-09-16,West,Clothing,Shoes,4,1214.76,5,UPI,Returning,4,4616.09
101199,2024-09-16,Central,Clothing,Dress,4,905.61,20,Net Banking,Loyal,5,2897.95
101283,2024-09-16,North,Electronics,Laptop,4,21308.71,0,UPI,New,5,85234.84
101476,2024-09-16,West,Beauty,Face Cream,2,531.22,5,UPI,New,5,1009.32
100825,2024-09-16,East,Sports,Running Shoes,2,1369.43,10,Credit Card,Loyal,3,2464.97
100208,2024-09-17,West,Beauty,Shampoo,5,744.47,5,Credit Card,Returning,4,3536.23
100617,2024-09-17,Central,Clothing,Shoes,5,1257.61,0,Debit Card,New,4,6288.05
101420,2024-09-18,West,Clothing,Dress,1,1507.81,0,Net Banking,Loyal,5,1507.81
100864,2024-09-18,Central,Clothing,Dress,1,1106.17,20,Net Banking,New,4,884.94
101144,2024-09-18,South,Sports,Cricket Bat,4,1472.43,0,Credit Card,New,5,5889.72
101352,2024-09-18,East,Electronics,Headphones,4,19187.81,10,Credit Card,Returning,2,69076.12
100734,2024-09-18,South,Clothing,Dress,3,1160.74,5,Cash on Delivery,New,4,3308.11
100728,2024-09-19,North,Clothing,T-Shirt,5,1033.13,0,Debit Card,Loyal,2,5165.65
100389,2024-09-19,East,Books,Cookbook,3,515.98,0,Credit Card,Loyal,2,1547.94
100871,2024-09-19,Central,Home & Kitchen,Air Fryer,5,4296.39,10,UPI,New,5,19333.76
101121,2024-09-20,Central,Clothing,Jeans,5,1131.58,0,Debit Card,Loyal,5,5657.9
100357,2024-09-21,Central,Clothing,T-Shirt,4,1664.41,10,Credit Card,New,4,5991.88
100186,2024-09-21,Central,Sports,Dumbbells,1,2472.53,5,Debit Card,Loyal,5,2348.9
101566,2024-09-21,South,Home & Kitchen,Vacuum Cleaner,3,4125.69,0,Credit Card,Loyal,4,12377.07
101018,2024-09-22,North,Books,Self-Help Book,3,575.2,15,Cash on Delivery,Returning,3,1466.76
100824,2024-09-22,North,Books,Cookbook,3,425.58,5,UPI,Loyal,4,1212.9
101585,2024-09-22,West,Sports,Yoga Mat,1,2602.47,15,Net Banking,Returning,5,2212.1
100919,2024-09-22,West,Electronics,Smartphone,1,19266.18,0,Credit Card,Loyal,4,19266.18
100869,2024-09-23,East,Clothing,T-Shirt,2,1004.42,10,Debit Card,Loyal,3,1807.96
101733,2024-09-23,South,Beauty,Sunscreen,4,777.25,10,Net Banking,Loyal,5,2798.1
101295,2024-09-23,North,Books,Biography,1,460.74,15,Net Banking,Returning,4,391.63
100662,2024-09-23,East,Beauty,Face Cream,3,472.55,20,Cash on Delivery,Loyal,5,1134.12
101099,2024-09-23,East,Clothing,Dress,5,1233.86,0,Net Banking,Returning,5,6169.3
101751,2024-09-23,North,Clothing,Jeans,3,943.1,15,UPI,Returning,5,2404.91
101130,2024-09-24,Central,Sports,Yoga Mat,5,1930.71,5,Cash on Delivery,Returning,4,9170.87
101485,2024-09-24,South,Sports,Running Shoes,4,2062.83,20,Net Banking,Returning,4,6601.06
100050,2024-09-25,South,Books,Comics,5,354.63,5,Net Banking,Returning,5,1684.49
100683,2024-09-25,East,Books,Self-Help Book,1,446.15,0,Debit Card,New,5,446.15
101848,2024-09-26,South,Books,Fiction Novel,1,310.95,5,UPI,New,2,295.4
101125,2024-09-26,East,Beauty,Face Cream,1,596.89,0,Credit Card,Loyal,5,596.89
101771,2024-09-26,West,Books,Fiction Novel,5,500.03,0,Credit Card,Loyal,2,2500.15
100701,2024-09-26,North,Clothing,Jacket,3,1022.95,5,Debit Card,New,5,2915.41
101448,2024-09-27,Central,Books,Cookbook,5,422.2,15,Net Banking,Returning,4,1794.35
101169,2024-09-27,East,Clothing,T-Shirt,4,1752.33,0,Cash on Delivery,Loyal,5,7009.32
100632,2024-09-28,South,Beauty,Sunscreen,2,453.98,10,Debit Card,New,5,817.16
101587,2024-09-29,East,Home & Kitchen,Vacuum Cleaner,4,2880.17,10,Net Banking,Returning,4,10368.61
101592,2024-09-30,South,Electronics,Tablet,4,20305.53,15,Cash on Delivery,Loyal,4,69038.8
100846,2024-09-30,Central,Home & Kitchen,Mixer Grinder,3,3727.24,5,Net Banking,Loyal,4,10622.63
100575,2024-09-30,West,Home & Kitchen,Air Fryer,5,3494.4,0,Cash on Delivery,Returning,2,17472.0
100668,2024-09-30,East,Clothing,Dress,3,1632.51,10,Net Banking,New,5,4407.78
101646,2024-10-01,Central,Clothing,T-Shirt,5,864.02,5,Credit Card,New,4,4104.1
101366,2024-10-01,Central,Clothing,Jacket,1,1008.6,10,Net Banking,New,1,907.74
101719,2024-10-01,East,Beauty,Face Cream,2,843.82,0,UPI,Returning,2,1687.64
101758,2024-10-01,West,Beauty,Perfume,2,528.7,15,Credit Card,New,3,898.79
100789,2024-10-01,North,Clothing,Dress,4,1450.69,5,UPI,Loyal,4,5512.62
100969,2024-10-02,South,Clothing,Jacket,4,1568.67,5,Net Banking,New,5,5960.95
101430,2024-10-02,Central,Home & Kitchen,Vacuum Cleaner,4,3667.96,5,Credit Card,Returning,2,13938.25
101888,2024-10-03,Central,Clothing,Jacket,5,1540.08,0,Debit Card,Loyal,3,7700.4
101308,2024-10-04,Central,Beauty,Face Cream,5,489.35,0,Credit Card,Returning,4,2446.75
100901,2024-10-04,West,Clothing,Shoes,1,1060.88,5,Net Banking,New,5,1007.84
101467,2024-10-04,North,Clothing,Shoes,4,1157.67,5,UPI,Loyal,3,4399.15
100551,2024-10-04,East,Electronics,Laptop,3,22329.22,10,Cash on Delivery,Loyal,5,60288.89
100820,2024-10-04,East,Electronics,Laptop,4,15328.72,0,Debit Card,Returning,4,61314.88
100401,2024-10-04,Central,Beauty,Perfume,5,696.77,5,Credit Card,Loyal,4,3309.66
100098,2024-10-04,South,Clothing,Jacket,2,1232.38,0,Cash on Delivery,Loyal,5,2464.76
100834,2024-10-04,East,Books,Cookbook,5,281.74,0,Net Banking,Returning,2,1408.7
100649,2024-10-04,South,Electronics,Tablet,1,14606.71,20,Cash on Delivery,Returning,3,11685.37
101628,2024-10-05,East,Books,Self-Help Book,4,496.65,10,Cash on Delivery,Loyal,5,1787.94
101236,2024-10-05,West,Electronics,Smartwatch,3,16023.92,5,Credit Card,Returning,2,45668.17
100354,2024-10-06,North,Clothing,Dress,5,1556.91,10,Cash on Delivery,Returning,5,7006.1
101504,2024-10-06,East,Electronics,Tablet,2,17414.75,15,Net Banking,Returning,1,29605.08
100240,2024-10-06,East,Books,Biography,5,374.88,15,UPI,Loyal,5,1593.24
101042,2024-10-06,Central,Clothing,Jeans,2,1490.37,10,Net Banking,Loyal,5,2682.67
100076,2024-10-07,North,Beauty,Lipstick,1,764.86,5,Debit Card,New,5,726.62
101237,2024-10-08,East,Sports,Cricket Bat,3,1858.62,10,Net Banking,Loyal,5,5018.27
101568,2024-10-10,East,Clothing,Jeans,5,1009.69,5,Cash on Delivery,Returning,4,4796.03
101575,2024-10-10,East,Sports,Yoga Mat,2,2070.69,0,UPI,New,3,4141.38
101055,2024-10-10,North,Clothing,Dress,3,1478.21,0,Net Banking,Loyal,5,4434.63
100796,2024-10-11,Central,Beauty,Sunscreen,2,734.03,0,Cash on Delivery,New,5,1468.06
100079,2024-10-11,West,Clothing,Shoes,2,924.35,0,Credit Card,Loyal,4,1848.7
100198,2024-10-11,South,Books,Fiction Novel,5,283.88,0,Net Banking,New,2,1419.4
100563,2024-10-12,West,Books,Biography,2,540.21,0,Cash on Delivery,New,4,1080.42
101653,2024-10-13,Central,Beauty,Face Cream,4,521.51,5,Debit Card,Loyal,4,1981.74
101276,2024-10-13,West,Electronics,Headphones,5,18996.14,15,Debit Card,Returning,5,80733.6
101183,2024-10-13,East,Sports,Cricket Bat,4,1708.01,0,Net Banking,Loyal,4,6832.04
100900,2024-10-14,West,Home & Kitchen,Air Fryer,2,4699.14,0,Cash on Delivery,Loyal,4,9398.28
100828,2024-10-14,East,Electronics,Headphones,5,16522.08,10,Net Banking,Returning,5,74349.36
101648,2024-10-15,North,Clothing,Dress,1,1549.02,0,Credit Card,Returning,5,1549.02
101618,2024-10-17,South,Books,Fiction Novel,3,370.26,10,Credit Card,Loyal,4,999.7
100034,2024-10-17,Central,Clothing,Dress,2,1150.04,10,UPI,Returning,2,2070.07
100286,2024-10-18,South,Clothing,Dress,4,979.39,10,Cash on Delivery,Loyal,4,3525.8
100831,2024-10-18,South,Sports,Running Shoes,4,2003.23,0,Cash on Delivery,Returning,4,8012.92
100565,2024-10-18,East,Clothing,Jacket,2,1485.85,0,Net Banking,New,4,2971.7
101871,2024-10-18,South,Home & Kitchen,Cookware Set,4,3265.66,10,Net Banking,Returning,5,11756.38
101777,2024-10-18,North,Books,Fiction Novel,2,398.7,0,Credit Card,Returning,5,797.4
101433,2024-10-18,West,Sports,Cricket Bat,4,1718.17,0,Cash on Delivery,Returning,3,6872.68
100180,2024-10-19,East,Clothing,Shoes,1,1504.74,20,Cash on Delivery,Loyal,5,1203.79
100581,2024-10-19,East,Home & Kitchen,Mixer Grinder,2,4567.34,0,Credit Card,New,3,9134.68
101048,2024-10-19,East,Beauty,Perfume,5,625.79,0,Credit Card,Loyal,5,3128.95
101318,2024-10-19,South,Electronics,Smartwatch,5,11392.77,15,UPI,New,4,48419.27
100262,2024-10-20,West,Sports,Cricket Bat,1,1842.11,0,Credit Card,Loyal,5,1842.11
100335,2024-10-20,West,Home & Kitchen,Vacuum Cleaner,2,4714.61,10,Cash on Delivery,New,5,8486.3
101194,2024-10-20,North,Clothing,Jacket,5,1216.75,0,Debit Card,Loyal,4,6083.75
101530,2024-10-20,South,Books,Comics,2,337.39,5,Net Banking,Returning,4,641.04
101037,2024-10-20,East,Sports,Yoga Mat,4,1628.77,0,UPI,New,5,6515.08
101589,2024-10-20,East,Beauty,Lipstick,3,721.74,15,Credit Card,Returning,5,1840.44
101137,2024-10-20,East,Electronics,Laptop,1,11730.41,10,Net Banking,Loyal,1,10557.37
101335,2024-10-22,East,Sports,Running Shoes,2,1447.67,0,Net Banking,Loyal,3,2895.34
100210,2024-10-23,East,Electronics,Smartwatch,5,19235.37,0,Net Banking,Returning,5,96176.85
101856,2024-10-23,South,Electronics,Smartphone,3,22219.05,15,Cash on Delivery,New,4,56658.58
100194,2024-10-24,East,Home & Kitchen,Bedsheet,3,2986.99,0,UPI,Loyal,5,8960.97
101365,2024-10-24,Central,Electronics,Laptop,1,11139.96,20,Cash on Delivery,Returning,5,8911.97
100576,2024-10-24,East,Beauty,Sunscreen,4,822.53,15,Debit Card,New,4,2796.6
100045,2024-10-24,Central,Sports,Cricket Bat,5,2325.47,0,Credit Card,Returning,4,11627.35
100433,2024-10-24,Central,Beauty,Perfume,5,627.02,0,Debit Card,Loyal,4,3135.1
100283,2024-10-25,East,Beauty,Face Cream,3,898.95,10,Credit Card,New,1,2427.17
101020,2024-10-25,South,Sports,Cricket Bat,1,2275.9,10,Net Banking,Returning,5,2048.31
101022,2024-10-25,Central,Electronics,Smartwatch,4,21430.55,15,Cash on Delivery,Loyal,4,72863.87
100002,2024-10-25,East,Beauty,Sunscreen,2,766.56,15,Debit Card,New,3,1303.15
100219,2024-10-25,Central,Sports,Football,5,2395.61,5,Net Banking,New,4,11379.15
100682,2024-10-26,South,Electronics,Smartwatch,5,10753.8,5,Credit Card,Returning,5,51080.55
100383,2024-10-26,West,Home & Kitchen,Vacuum Cleaner,2,3407.33,5,UPI,Returning,4,6473.93
100122,2024-10-26,North,Books,Fiction Novel,1,405.32,0,UPI,Loyal,5,405.32
101507,2024-10-26,West,Sports,Football,2,2505.3,10,UPI,Returning,2,4509.54
100659,2024-10-27,North,Electronics,Laptop,1,20927.51,15,Debit Card,Returning,4,17788.38
100469,2024-10-27,South,Home & Kitchen,Vacuum Cleaner,2,3844.76,10,Cash on Delivery,Returning,5,6920.57
100553,2024-10-27,South,Beauty,Face Cream,2,432.9,0,UPI,Loyal,5,865.8
100629,2024-10-27,South,Books,Biography,4,340.62,5,Credit Card,Loyal,1,1294.36
101327,2024-10-27,Central,Electronics,Laptop,5,12571.89,0,Credit Card,Loyal,5,62859.45
100717,2024-10-28,West,Clothing,Shoes,1,1366.83,10,Debit Card,Loyal,2,1230.15
100715,2024-10-29,East,Electronics,Headphones,3,21204.71,10,UPI,Loyal,4,57252.72
100411,2024-10-29,East,Electronics,Headphones,4,20677.31,15,UPI,Returning,4,70302.85
100965,2024-10-29,South,Clothing,Jacket,3,1689.61,0,Credit Card,Loyal,3,5068.83
100311,2024-10-29,West,Beauty,Face Cream,4,876.69,20,UPI,Loyal,4,2805.41
101553,2024-10-29,Central,Clothing,Dress,1,852.91,0,Debit Card,New,5,852.91
100517,2024-10-30,West,Home & Kitchen,Vacuum Cleaner,3,2922.8,0,UPI,Loyal,3,8768.4
100269,2024-10-30,South,Sports,Football,4,1269.66,0,UPI,Returning,4,5078.64
100342,2024-10-30,West,Home & Kitchen,Mixer Grinder,4,4127.32,10,Debit Card,New,1,14858.35
101600,2024-10-30,West,Home & Kitchen,Mixer Grinder,5,3490.44,0,Debit Card,New,3,17452.2
100598,2024-10-31,West,Sports,Running Shoes,1,1651.2,0,Net Banking,Returning,5,1651.2
100190,2024-10-31,East,Sports,Cricket Bat,5,1292.97,0,UPI,Returning,5,6464.85
100132,2024-10-31,South,Sports,Football,5,1990.75,0,Net Banking,Returning,5,9953.75
100185,2024-10-31,North,Sports,Cricket Bat,4,2672.98,5,Net Banking,New,5,10157.32
101494,2024-11-01,North,Beauty,Shampoo,5,898.74,15,Debit Card,New,4,3819.64
100725,2024-11-02,South,Home & Kitchen,Vacuum Cleaner,1,4449.08,15,Net Banking,Returning,4,3781.72
100199,2024-11-02,West,Electronics,Headphones,1,17075.51,5,Cash on Delivery,New,3,16221.73
101811,2024-11-02,West,Electronics,Laptop,3,21969.74,5,Net Banking,Returning,4,62613.76
100476,2024-11-03,North,Sports,Running Shoes,4,1494.23,10,UPI,Returning,3,5379.23
101164,2024-11-03,South,Electronics,Smartwatch,4,17718.58,10,Cash on Delivery,Loyal,4,63786.89
100694,2024-11-04,East,Beauty,Perfume,3,788.29,15,UPI,Returning,4,2010.14
101880,2024-11-04,South,Electronics,Headphones,2,14065.06,0,UPI,New,4,28130.12
101506,2024-11-04,West,Beauty,Lipstick,5,899.84,0,Debit Card,Returning,1,4499.2
100873,2024-11-05,Central,Books,Self-Help Book,2,482.39,0,Cash on Delivery,New,5,964.78
100881,2024-11-05,East,Clothing,Shoes,3,1671.77,0,Net Banking,New,4,5015.31
100897,2024-11-05,Central,Beauty,Sunscreen,1,749.7,15,UPI,Returning,3,637.24
100044,2024-11-06,South,Books,Fiction Novel,3,596.96,5,Debit Card,New,4,1701.34
100736,2024-11-06,West,Books,Comics,5,389.17,10,Cash on Delivery,Returning,3,1751.26
100814,2024-11-06,South,Books,Comics,1,362.01,0,Net Banking,Returning,5,362.01
100448,2024-11-07,South,Sports,Running Shoes,4,1376.97,20,Debit Card,Returning,3,4406.3
100627,2024-11-08,South,Clothing,Jacket,1,1682.04,0,Net Banking,Returning,4,1682.04
101262,2024-11-08,North,Home & Kitchen,Mixer Grinder,5,4073.04,0,Net Banking,New,4,20365.2
101723,2024-11-08,West,Books,Fiction Novel,2,429.7,0,Debit Card,New,3,859.4
100453,2024-11-08,West,Electronics,Tablet,2,18808.25,0,Net Banking,Returning,5,37616.5
100397,2024-11-09,Central,Electronics,Smartphone,4,10689.88,5,Net Banking,Returning,4,40621.54
101700,2024-11-09,Central,Sports,Cricket Bat,2,2631.95,0,Cash on Delivery,New,4,5263.9
101210,2024-11-10,East,Electronics,Tablet,2,14590.52,5,Cash on Delivery,Loyal,2,27721.99
101606,2024-11-10,Central,Clothing,T-Shirt,3,1723.56,0,UPI,Returning,1,5170.68
100331,2024-11-11,Central,Electronics,Tablet,4,22242.31,15,Credit Card,Returning,4,75623.85
100024,2024-11-11,West,Electronics,Smartwatch,1,16426.72,0,UPI,Returning,4,16426.72
100373,2024-11-12,Central,Books,Cookbook,3,339.32,5,Debit Card,Returning,5,967.06
101492,2024-11-12,Central,Clothing,Jacket,1,882.57,0,Cash on Delivery,Returning,4,882.57
101703,2024-11-13,West,Beauty,Lipstick,2,610.04,20,UPI,Loyal,4,976.06
101027,2024-11-13,South,Clothing,Shoes,3,1432.66,5,Debit Card,Returning,2,4083.08
100777,2024-11-14,West,Home & Kitchen,Bedsheet,4,4034.49,10,Net Banking,Returning,4,14524.16
101334,2024-11-14,South,Home & Kitchen,Vacuum Cleaner,3,4633.89,5,Net Banking,New,4,13206.59
101402,2024-11-14,Central,Beauty,Face Cream,4,878.23,0,UPI,Returning,3,3512.92
100278,2024-11-15,West,Beauty,Sunscreen,3,683.67,0,Cash on Delivery,Returning,2,2051.01
101149,2024-11-15,Central,Books,Self-Help Book,1,495.08,10,Credit Card,New,4,445.57
100874,2024-11-16,East,Beauty,Sunscreen,5,745.87,0,Net Banking,New,4,3729.35
100308,2024-11-16,South,Clothing,T-Shirt,2,847.53,10,UPI,New,4,1525.55
100583,2024-11-16,South,Beauty,Perfume,1,582.69,10,Cash on Delivery,Returning,4,524.42
100815,2024-11-17,East,Clothing,Dress,2,1147.88,20,Debit Card,New,1,1836.61
100178,2024-11-17,North,Home & Kitchen,Air Fryer,2,3774.1,5,Net Banking,Returning,5,7170.79
100136,2024-11-17,Central,Sports,Dumbbells,3,1447.32,10,Net Banking,New,4,3907.76
101256,2024-11-17,South,Sports,Dumbbells,5,2440.05,10,Debit Card,Loyal,5,10980.22
100719,2024-11-18,West,Electronics,Laptop,2,21149.3,0,Debit Card,New,4,42298.6
100608,2024-11-18,North,Books,Self-Help Book,4,308.66,10,Cash on Delivery,New,4,1111.18
101545,2024-11-18,East,Clothing,Jacket,1,1405.48,0,Cash on Delivery,New,3,1405.48
101328,2024-11-18,East,Sports,Yoga Mat,1,2661.88,0,Net Banking,Loyal,4,2661.88
100625,2024-11-19,East,Clothing,Shoes,2,1495.21,10,Cash on Delivery,New,4,2691.38
100257,2024-11-19,Central,Books,Fiction Novel,1,350.1,0,Cash on Delivery,New,4,350.1
101140,2024-11-20,East,Electronics,Smartwatch,4,16263.05,0,Net Banking,New,2,65052.2
100197,2024-11-20,Central,Sports,Running Shoes,3,1789.57,5,Net Banking,Returning,5,5100.27
101274,2024-11-21,East,Sports,Dumbbells,3,2587.81,10,Debit Card,Loyal,4,6987.09
101416,2024-11-21,North,Books,Self-Help Book,4,408.43,10,Net Banking,Returning,4,1470.35
100041,2024-11-21,East,Books,Biography,3,542.54,10,UPI,New,2,1464.86
101519,2024-11-22,Central,Beauty,Perfume,4,788.02,0,Credit Card,Returning,5,3152.08
100482,2024-11-22,Central,Sports,Football,3,1532.57,5,Net Banking,Loyal,5,4367.82
101616,2024-11-22,East,Books,Cookbook,1,292.78,15,Net Banking,Returning,5,248.86
100421,2024-11-23,Central,Home & Kitchen,Bedsheet,5,3083.57,15,Debit Card,Returning,2,13105.17
100162,2024-11-23,South,Home & Kitchen,Vacuum Cleaner,2,3354.77,20,UPI,Returning,5,5367.63
101827,2024-11-24,West,Beauty,Sunscreen,4,617.08,0,Cash on Delivery,New,4,2468.32
101666,2024-11-24,Central,Home & Kitchen,Cookware Set,4,4798.87,0,Cash on Delivery,New,3,19195.48
100547,2024-11-25,Central,Clothing,Shoes,1,1027.64,0,Net Banking,Returning,3,1027.64
100853,2024-11-25,East,Clothing,Jeans,5,1140.04,15,Net Banking,Returning,3,4845.17
101108,2024-11-25,East,Electronics,Laptop,4,18251.42,20,Net Banking,Returning,5,58404.54
101472,2024-11-26,East,Clothing,T-Shirt,5,1612.11,5,Debit Card,New,4,7657.52
101724,2024-11-26,South,Electronics,Laptop,1,12829.94,5,Credit Card,New,3,12188.44
100804,2024-11-26,East,Beauty,Shampoo,2,536.05,5,Cash on Delivery,Returning,5,1018.49
101431,2024-11-26,East,Books,Cookbook,3,470.93,0,Debit Card,New,4,1412.79
101230,2024-11-28,South,Beauty,Shampoo,2,487.44,0,UPI,New,5,974.88
100511,2024-11-28,East,Clothing,Jacket,4,1555.41,0,UPI,New,4,6221.64
101555,2024-11-29,South,Books,Comics,5,445.04,0,Debit Card,Returning,5,2225.2
101052,2024-11-29,West,Beauty,Perfume,1,510.54,0,Credit Card,Returning,3,510.54
100537,2024-11-29,West,Books,Biography,2,400.66,0,UPI,Returning,3,801.32
100495,2024-11-29,North,Home & Kitchen,Air Fryer,3,2640.33,0,Net Banking,Returning,3,7920.99
101005,2024-11-30,North,Home & Kitchen,Bedsheet,3,4638.26,15,Cash on Delivery,Returning,4,11827.56
100028,2024-11-30,North,Sports,Running Shoes,5,1534.91,0,UPI,New,4,7674.55
101626,2024-11-30,West,Books,Biography,1,325.02,0,Net Banking,New,3,325.02
101282,2024-12-01,West,Home & Kitchen,Air Fryer,5,3780.82,0,Cash on Delivery,Loyal,3,18904.1
100679,2024-12-01,North,Home & Kitchen,Vacuum Cleaner,3,4142.81,5,Credit Card,New,3,11807.01
101432,2024-12-01,Central,Home & Kitchen,Air Fryer,5,5200.79,0,UPI,Returning,5,26003.95
101310,2024-12-02,West,Clothing,T-Shirt,5,1387.91,10,Debit Card,Loyal,2,6245.6
100108,2024-12-02,South,Beauty,Perfume,4,880.14,0,Net Banking,Returning,3,3520.56
100656,2024-12-02,East,Clothing,Jeans,5,1245.78,10,UPI,Loyal,4,5606.01
100596,2024-12-03,South,Clothing,Jacket,4,1596.67,0,Debit Card,Returning,5,6386.68
101734,2024-12-03,South,Clothing,Shoes,1,937.85,0,Credit Card,Loyal,4,937.85
101782,2024-12-03,Central,Beauty,Sunscreen,3,455.38,5,Cash on Delivery,Loyal,1,1297.83
101057,2024-12-03,North,Clothing,T-Shirt,1,1353.41,0,Cash on Delivery,New,5,1353.41
100624,2024-12-03,East,Clothing,Jeans,4,1408.99,15,Credit Card,Returning,4,4790.57
101534,2024-12-04,East,Home & Kitchen,Air Fryer,2,4967.27,0,Credit Card,Returning,3,9934.54
100258,2024-12-04,South,Home & Kitchen,Mixer Grinder,1,4736.71,0,Credit Card,New,4,4736.71
101207,2024-12-05,Central,Electronics,Laptop,2,17668.19,5,Net Banking,Returning,3,33569.56
101106,2024-12-05,Central,Clothing,Shoes,4,854.35,15,Credit Card,Returning,5,2904.79
100772,2024-12-06,North,Sports,Running Shoes,3,1875.61,10,Debit Card,Loyal,4,5064.15
101019,2024-12-06,Central,Sports,Yoga Mat,1,2495.03,0,Net Banking,Returning,4,2495.03
101798,2024-12-07,South,Beauty,Perfume,1,495.81,5,Debit Card,Loyal,4,471.02
101424,2024-12-07,South,Clothing,T-Shirt,4,1154.17,0,UPI,Returning,5,4616.68
100250,2024-12-08,East,Sports,Dumbbells,2,2221.64,5,Credit Card,Loyal,5,4221.12
100182,2024-12-08,Central,Electronics,Smartwatch,2,18535.23,0,Net Banking,New,4,37070.46
100711,2024-12-08,West,Beauty,Sunscreen,3,754.97,0,UPI,New,1,2264.91
100770,2024-12-08,South,Electronics,Headphones,5,17729.29,0,Net Banking,Returning,4,88646.45
100102,2024-12-09,West,Home & Kitchen,Cookware Set,2,3466.57,0,Cash on Delivery,Returning,4,6933.14
100704,2024-12-09,North,Beauty,Face Cream,2,637.06,0,UPI,Loyal,5,1274.12
101650,2024-12-09,North,Home & Kitchen,Mixer Grinder,5,4450.46,5,UPI,Returning,3,21139.68
100961,2024-12-09,East,Sports,Dumbbells,4,1426.35,20,Net Banking,New,5,4564.32
100382,2024-12-09,Central,Books,Self-Help Book,3,465.9,20,UPI,Returning,5,1118.16
100973,2024-12-11,North,Sports,Football,4,2197.69,10,Debit Card,New,4,7911.68
100169,2024-12-11,Central,Home & Kitchen,Air Fryer,5,3706.34,0,Credit Card,Returning,1,18531.7
101835,2024-12-12,West,Home & Kitchen,Air Fryer,2,3508.37,15,Cash on Delivery,Loyal,4,5964.23
100714,2024-12-13,East,Electronics,Tablet,5,17477.45,15,Debit Card,Loyal,5,74279.16
101218,2024-12-14,West,Electronics,Laptop,3,12960.66,10,Debit Card,New,5,34993.78
100052,2024-12-14,South,Home & Kitchen,Vacuum Cleaner,5,2481.79,5,Debit Card,Returning,5,11788.5
100816,2024-12-14,South,Electronics,Tablet,4,19663.24,20,Credit Card,Returning,2,62922.37
100320,2024-12-15,North,Electronics,Tablet,2,21975.84,0,Net Banking,New,4,43951.68
101217,2024-12-15,Central,Electronics,Smartwatch,3,17773.32,15,Credit Card,New,5,45321.97
100653,2024-12-16,North,Sports,Football,3,2167.23,5,Net Banking,Returning,1,6176.61
101639,2024-12-16,East,Books,Comics,4,402.55,0,Debit Card,Returning,4,1610.2
101314,2024-12-16,South,Clothing,Shoes,4,1313.71,5,Debit Card,Loyal,3,4992.1
100367,2024-12-16,North,Sports,Dumbbells,4,2193.58,0,Debit Card,Returning,5,8774.32
101325,2024-12-17,North,Books,Biography,4,309.58,5,UPI,Returning,5,1176.4
100062,2024-12-17,West,Beauty,Face Cream,1,783.36,0,Debit Card,Returning,4,783.36
101541,2024-12-17,North,Sports,Yoga Mat,1,2263.88,20,Debit Card,New,4,1811.1
100735,2024-12-18,East,Electronics,Tablet,4,21962.1,0,Net Banking,New,4,87848.4
100460,2024-12-18,West,Electronics,Tablet,5,14612.77,0,Cash on Delivery,Loyal,4,73063.85
100604,2024-12-18,West,Books,Biography,1,393.11,0,Cash on Delivery,Loyal,5,393.11
101196,2024-12-18,South,Books,Cookbook,1,488.48,0,Credit Card,Returning,4,488.48
100047,2024-12-18,West,Home & Kitchen,Cookware Set,5,2706.77,10,Cash on Delivery,Returning,5,12180.46
101784,2024-12-18,Central,Books,Self-Help Book,3,447.06,0,Credit Card,Returning,5,1341.18
101454,2024-12-20,South,Home & Kitchen,Air Fryer,4,3482.3,0,Debit Card,Loyal,5,13929.2
100571,2024-12-20,North,Sports,Football,5,1423.15,0,Net Banking,New,2,7115.75
100414,2024-12-20,South,Sports,Dumbbells,3,1393.0,0,Cash on Delivery,New,4,4179.0
100443,2024-12-20,West,Sports,Running Shoes,4,1673.75,0,Debit Card,Returning,5,6695.0
100474,2024-12-20,West,Books,Comics,1,412.74,0,Net Banking,Returning,5,412.74
100007,2024-12-20,Central,Clothing,Shoes,2,1766.65,10,Net Banking,New,5,3179.97
101065,2024-12-20,Central,Home & Kitchen,Mixer Grinder,1,3496.18,10,UPI,New,5,3146.56
100646,2024-12-20,East,Beauty,Lipstick,3,836.91,0,Net Banking,Returning,5,2510.73
100104,2024-12-21,South,Home & Kitchen,Mixer Grinder,1,3966.58,10,Credit Card,New,5,3569.92
101069,2024-12-21,North,Books,Cookbook,4,430.22,10,Credit Card,New,4,1548.79
101117,2024-12-22,West,Clothing,T-Shirt,5,919.43,15,Credit Card,New,2,3907.58
100503,2024-12-23,North,Beauty,Lipstick,1,694.62,0,Debit Card,New,5,694.62
100151,2024-12-23,Central,Electronics,Headphones,3,11478.32,5,Net Banking,New,2,32713.21
100403,2024-12-25,South,Sports,Dumbbells,5,2157.81,10,Credit Card,Returning,5,9710.14
100203,2024-12-26,North,Electronics,Smartwatch,5,12302.03,10,Credit Card,Returning,2,55359.14
101698,2024-12-26,Central,Home & Kitchen,Vacuum Cleaner,3,4185.06,15,UPI,Loyal,5,10671.9
100143,2024-12-26,Central,Books,Self-Help Book,3,594.99,0,Net Banking,New,4,1784.97
101701,2024-12-27,Central,Electronics,Tablet,5,22102.23,10,UPI,Loyal,4,99460.04
101013,2024-12-27,North,Beauty,Face Cream,1,736.53,15,UPI,Loyal,5,626.05
100860,2024-12-28,Central,Books,Fiction Novel,1,494.79,0,Net Banking,Returning,5,494.79
101484,2024-12-28,North,Clothing,Jacket,3,1357.93,10,Net Banking,Loyal,3,3666.41
100458,2024-12-28,South,Clothing,Dress,4,1791.8,10,Net Banking,Loyal,5,6450.48
100294,2024-12-29,South,Books,Comics,3,493.24,20,Cash on Delivery,New,5,1183.78
100046,2024-12-29,Central,Home & Kitchen,Vacuum Cleaner,1,2599.76,20,UPI,New,4,2079.81
101779,2024-12-30,Central,Clothing,Jeans,2,1094.69,10,Net Banking,Loyal,4,1970.44
100921,2024-12-30,North,Beauty,Sunscreen,5,750.72,5,UPI,Returning,5,3565.92
101490,2024-12-30,Central,Clothing,Dress,2,888.55,5,Credit Card,Returning,5,1688.24
100609,2024-12-31,Central,Home & Kitchen,Bedsheet,4,4890.44,5,Cash on Delivery,New,2,18583.67
100835,2024-12-31,North,Beauty,Lipstick,5,785.09,0,Net Banking,New,4,3925.45
101502,2024-12-31,South,Books,Self-Help Book,5,325.7,0,Credit Card,Returning,3,1628.5
